     -- phpMyAdmin SQL Dump
-- version 4.1.12
-- http://www.phpmyadmin.net
--
-- Servidor: 127.0.0.1
-- Tiempo de generación: 04-04-2016 a las 18:11:27
-- Versión del servidor: 5.6.16
-- Versión de PHP: 5.5.11

SET SQL_MODE = "NO_AUTO_VALUE_ON_ZERO";
SET time_zone = "+00:00";


/*!40101 SET @OLD_CHARACTER_SET_CLIENT=@@CHARACTER_SET_CLIENT */;
/*!40101 SET @OLD_CHARACTER_SET_RESULTS=@@CHARACTER_SET_RESULTS */;
/*!40101 SET @OLD_COLLATION_CONNECTION=@@COLLATION_CONNECTION */;
/*!40101 SET NAMES utf8 */;

--
-- Base de datos: `tfg`
--

-- --------------------------------------------------------

--
-- Estructura de tabla para la tabla `usuario`
--

CREATE TABLE IF NOT EXISTS `usuario` (
  `DNI` varchar(8) NOT NULL,
  `Fecha` date NOT NULL,
  `Nombre_Completo` varchar(70) NOT NULL,
  `Tipo` int(1) NOT NULL CHECK (`Tipo`=0 || `Tipo`=1),
  `Pass` varchar(32) NOT NULL,
  PRIMARY KEY (`DNI`)
) ENGINE=InnoDB DEFAULT CHARSET=utf8;

--
-- Volcado de datos para la tabla `usuario`
--

INSERT INTO `usuario` (`DNI`, `Fecha`, `Nombre_Completo`, `Tipo`, `Pass`) VALUES
('12345678', '2016-04-04', 'Luis Redruello', 0, '6074c6aa3488f3c2dddff2a7ca821aab'),
('12121212', '2016-07-10', 'Berto Romero', 0, '6074c6aa3488f3c2dddff2a7ca821aab'),
('14514512', '2016-07-11', 'Javier Garate', 0, '81dc9bdb52d04dc20036dbd8313ed055'),
('87654321', '2016-04-04', 'Jefferson Cardenas', 1, '81dc9bdb52d04dc20036dbd8313ed055');

/*!40101 SET CHARACTER_SET_CLIENT=@OLD_CHARACTER_SET_CLIENT */;
/*!40101 SET CHARACTER_SET_RESULTS=@OLD_CHARACTER_SET_RESULTS */;
/*!40101 SET COLLATION_CONNECTION=@OLD_COLLATION_CONNECTION */;


CREATE TABLE IF NOT EXISTS `certificacion` (
  `Nivel` int(3) NOT NULL,
  PRIMARY KEY (`Nivel`)
)ENGINE=InnoDB DEFAULT CHARSET=utf8;

INSERT INTO `certificacion` (`Nivel`) VALUES
(1),
(2),
(3);


CREATE TABLE IF NOT EXISTS `tipo_arma` (
  `Id_Arma` int (5) NOT NULL AUTO_INCREMENT,
  `Descripcion` varchar(75) NOT NULL,
  PRIMARY KEY (Id_Arma)
)ENGINE=InnoDB DEFAULT CHARSET=utf8;


INSERT INTO `tipo_arma` (`Descripcion`) VALUES
('Arma Blanca'),
('Arma de Fuego'),
('Drogas'),
('Medicamentos'),
('Líquido'),
('Sustancias Inflamables'),
('Herramientas de Trabajo'),
('Objetos Peligrosos'),
('Explosivos');


CREATE TABLE IF NOT EXISTS `objeto_prohibido` (
  `Id_Objeto` int(5) NOT NULL AUTO_INCREMENT,
  `Nombre` varchar(25) NOT NULL,
  `posx` int(5),
  `posy` int(5),
  `alto` int(5),
  `ancho` int(5),
  `Id_Arma` int(3),
  PRIMARY KEY (`Id_Objeto`),
  KEY `Id_Arma` (`Id_Arma`)
)ENGINE=InnoDB DEFAULT CHARSET=utf8;


INSERT INTO `objeto_prohibido` (`Id_Objeto`, `Nombre`, `posx`, `posy`, `ancho`, `alto`, `Id_Arma`) VALUES
(1, 'Cuchillo', 489, 49, 53, 233, 1),
(2, 'Cuchillo', 471, 70, 33, 226, 1),
(3, 'Cuchillo', 4450, 128, 64, 201, 1),
(4, 'Cuchillo', 500, 700, 73, 235, 1),
(5, 'Cuchillo', 340, 391, 212, 83, 1),
(6, 'Cuchillo', 332, 391, 179, 181, 1),
(7, 'Cuchillo', 311, 321, 143, 155, 1),
(8, 'Cuchillo', 335, 303, 162, 41, 6),
(9, 'Bote', 204, 129, 180, 94, 1),
(10, 'Cuchillo', 202, 130, 20, 206, 1),
(11, 'Cuchillo', 128, 111, 36, 24, 1),
(12, 'Cuchillo', 90, 171, 50, 130, 1),
(13, 'Cuchillo', 270, 249, 69, 101, 1),
(14, 'Bala', 141, 262, 42, 22, 8),
(15, 'Bala', 141, 262, 42, 22, 8),
(16, 'Cuchillo', 159, 59, 75, 28, 1),
(17, 'Cuchillo', 62, 69, 78, 48, 1),
(18, 'Cuchillo', 190, 159, 84, 66, 1),
(19, 'Pastillas', 180, 160, 105, 100, 4),
(20, 'Liquido', 71, 149, 58, 103, 5),
(21, 'Liquido', 74, 146, 55, 106, 5),
(22, 'Alicate', 131, 269, 119, 51, 8),
(23, 'Llavero', 111, 129, 110, 37, 1),
(24, 'Cuchillo', 378, 208, 19, 83, 1),
(25, 'Cuchilla', 279, 144, 61, 38, 1),
(26, 'Liquido', 341, 256, 80, 69, 5),
(27, 'Droga', 328, 142, 81, 114, 3),
(28, 'Tijeras', 119, 170, 55, 26, 1),
(29, 'Cuchillo', 348, 125, 53, 52, 1),
(30, 'Cuchillo', 245, 263, 95, 20, 1),
(31, 'Cuchillo', 89, 160, 44, 77, 1),
(32, 'Peligroso', 159, 220, 47, 22, 8),
(33, 'Peligroso', 99, 270, 92, 25, 1),
(34, 'Peligroso', 124, 84, 187, 29, 8),
(35, 'Liquido', 39, 220, 134, 206, 5),
(36, 'Cuchillo', 343, 205, 56, 71, 1),
(37, 'Cuchillo', 298, 195, 64, 137, 1),
(38, 'Peligroso', 155, 301, 230, 70, 8),
(39, 'Peligroso', 248, 138, 92, 122, 8),
(40, 'Peligroso', 250, 100, 174, 174, 8),
(41, 'Peligroso', 181, 76, 211, 99, 8),
(42, 'Alicates', 247, 239, 148, 74, 7),
(43, 'Alicates', 198, 82, 40, 166, 7),
(44, 'Cuchillo', 219, 207, 127, 77, 1),
(45, 'Cuchillo', 157, 47, 122, 98, 1),
(46, 'Peligroso', 352, 276, 44, 94, 8),
(47, 'Peligroso', 309, 139, 56, 65, 8),
(48, 'Peligroso', 216, 183, 98, 70, 8),
(49, 'Explosivo', 222, 230, 90, 88, 9),
(50, 'Explosivo', 240, 211, 93, 185, 9),
(51, 'Explosivo', 190, 319, 93, 109, 9),
(52, 'Explosivo', 205, 253, 79, 138, 9),
(53, 'Tijeras', 82, 56, 65, 132, 1),
(54, 'Cuchillo', 78, 70, 70, 64, 1),
(55, 'Pistola', 66, 81, 115, 98, 2),
(56, 'Pistola', 70, 109, 130, 56, 2),
(57, 'Explosivo', 80, 230, 84, 52, 9),
(58, 'Hacha', 98, 198, 302, 199, 1),
(59, 'Caravina', 273, 271, 129, 276, 2),
(60, 'Balas', 260, 132, 491, 462, 8),
(61, 'Pistola Juguete', 24, 156, 170, 229, 8),
(62, 'Objeto Opaco', 45, 132, 63, 105, 8),
(63, 'Objeto Opaco', 50, 101, 65, 73, 8),
(64, 'Balas', 249, 49, 92, 49, 8),
(65, 'Balas', 253, 89, 128, 51, 8),
(66, 'Explosivo', 113, 110, 74, 180, 9),
(67, 'Explosivo', 95, 91, 141, 55, 9),
(68, 'Objeto Opaco', 67, 173, 47, 47, 8),
(69, 'Objeto Opaco', 195, 90, 45, 53, 8),
(70, 'Explosivo', 24, 84, 90, 91, 9),
(71, 'Explosivo', 28, 90, 96, 92, 9),
(72, 'Cargador', 144, 154, 52, 134, 2),
(73, 'Cargador', 136, 45, 52, 138, 2),
(74, 'Explosivo', 56, 216, 118, 52, 9),
(75, 'Explosivo', 64, 95, 107, 50, 9),
(76, 'Objeto Opaco', 142, 168, 115, 119, 8),
(77, 'Objeto Opaco', 42, 183, 120, 122, 8),
(78, 'Balas', 135, 291, 42, 65, 8),
(79, 'Balas', 50, 221, 96, 67, 8),
(80, 'Explosivo', 113, 155, 97, 98, 9),
(81, 'Explosivo', 43, 65, 152, 123, 9),
(82, 'Cuchillo', 84, 147, 177, 44, 1),
(83, 'Cuchillo', 47, 25, 175, 36, 1),
(84, 'Cuchillo', 100, 66, 147, 71, 1),
(85, 'Cuchillo', 87, 58, 124, 30, 1),
(86, 'Objeto opaco', 143, 107, 107, 149, 8),
(87, 'Balas', 101, 196, 73, 67, 8),
(88, 'Balas', 61, 76, 76, 106, 8),
(89, 'Drogas', 186, 292, 86, 64, 3),
(90, 'Lijadora', 74, 81, 127, 98, 7),
(91, 'Lijadora', 37, 128, 107, 69, 7),
(92, 'Explosivo', 204, 92, 120, 129, 9),
(93, 'Explosivo', 51, 115, 121, 96, 9),
(94, 'Explosivo', 236, 191, 118, 156, 9),
(95, 'Taladro', 225, 83, 199, 286, 7),
(96, 'Plancha', 151, 45, 135, 272, 7),
(97, 'Taladro', 260, 136, 189, 159, 7),
(98, 'Lijadora', 273, 87, 187, 230, 7),
(99, 'Lijadora', 118, 93, 161, 208, 7),
(100, 'Taladro', 191, 43, 247, 142, 7),
(101, 'Taladro', 35, 27, 263, 142, 7),
(102, 'Guadaña', 16, 131, 286, 222, 7),
(103, 'Guadaña', 43, 66, 145, 274, 7),
(104, 'Sierra', 26, 108, 287, 106, 7),
(105, 'Machete', 209, 240, 120, 118, 1),
(106, 'Cuchillo', 170, 159, 153, 137, 1),
(107, 'Guadaña', 139, 100, 165, 119, 7),
(108, 'Martillo', 2, 141, 160, 157, 7),
(109, 'Martillo', 133, 258, 149, 94, 7),
(110, 'Cuter', 208, 84, 114, 237, 1),
(111, 'Objeto Opaco', 124, 97, 95, 116, 8),
(112, 'Objeto Opaco', 221, 237, 70, 64, 8),
(113, 'Cuter', 75, 122, 80, 188, 1),
(114, 'Alicates', 69, 31, 90, 170, 7),
(115, 'Alicates', 66, 52, 95, 103, 7),
(116, 'Pistola', 59, 67, 128, 142, 2);


CREATE TABLE IF NOT EXISTS `examen_practico` (
  `Id_Examen` int(11) NOT NULL,
  `Nivel` int(3) NOT NULL,
  `num_imagenes` int(3) NOT NULL,
  `Tiempo_Examen` int(10) NOT NULL,
  PRIMARY KEY (`Id_Examen`),
  KEY `Nivel` (`Nivel`)
)ENGINE=InnoDB DEFAULT CHARSET=utf8;


INSERT INTO `examen_practico` (`Id_Examen`, `Nivel`, `num_imagenes`, `Tiempo_Examen`) VALUES
(1, 2, 30, 3600),
(2, 3, 30, 3600);


CREATE TABLE IF NOT EXISTS `examen_teorico` (
  `Id_Examen` int(11) NOT NULL,
  `Nombre` varchar(75) NOT NULL,
  `Descripcion` varchar(150) NOT NULL,
  `Tiempo_Examen` int(10) NOT NULL,
  `num_preguntas` int(3) NOT NULL,
  `Nivel` int(3) NOT NULL,
  PRIMARY KEY (`Id_Examen`),
  KEY `Nivel` (`Nivel`)
)ENGINE=InnoDB DEFAULT CHARSET=utf8;


INSERT INTO `examen_teorico` (`Id_Examen`, `Nombre`, `Descripcion`, `Tiempo_Examen`, `num_preguntas`, `Nivel`) VALUES
(1, 'Teoria 1', 'Examen Correspondiente al Módulo Teórico 1', 3600, 50, 1),
(2, 'Teoria 2', 'Examen Correspondiente al Módulo Teórico 2', 3600, 25, 2),
(3, 'Teoria 3', 'Examen Correspondiente al Módulo Teórico 3', 3600, 10, 3);

CREATE TABLE IF NOT EXISTS `imagen` (
  `Id_Imagen` int(5) NOT NULL AUTO_INCREMENT,
  `normal` varchar(50) NOT NULL,
  `organico` varchar(50) NOT NULL,
  `inorganico` varchar(50) NOT NULL,
  `bn` varchar(50) NOT NULL,
  `Id_Objeto` int(5),
  `Id_Examen` int(11),
  PRIMARY KEY (`Id_Imagen`),
  KEY `Id_Examen` (`Id_Examen`),
  KEY `Id_Objeto` (`Id_Objeto`)
)ENGINE=InnoDB DEFAULT CHARSET=utf8;


INSERT INTO `imagen` (`Id_Imagen`, `normal`, `organico`, `inorganico`, `bn`, `Id_Objeto`, `Id_Examen`) VALUES
(1, '/img/1/1/normal.png', '/img/1/1/organico.png', '/img/1/1/inorganico.png', '/img/1/1/bn.png', NULL, 1),
(2, '/img/1/2/normal.png', '/img/1/2/organico.png', '/img/1/2/inorganico.png', '/img/1/2/bn.png', NULL, 1),
(3, '/img/1/3/normal.png', '/img/1/3/organico.png', '/img/1/3/inorganico.png', '/img/1/3/bn.png', NULL, 1),
(4, '/img/1/4/normal.png', '/img/1/4/organico.png', '/img/1/4/inorganico.png', '/img/1/4/bn.png', NULL, 1),
(5, '/img/1/5/normal.png', '/img/1/5/organico.png', '/img/1/5/inorganico.png', '/img/1/5/bn.png', NULL, 1),
(6, '/img/1/6/normal.png', '/img/1/6/organico.png', '/img/1/6/inorganico.png', '/img/1/6/bn.png', NULL, 1),
(7, '/img/1/7/normal.png', '/img/1/7/organico.png', '/img/1/7/inorganico.png', '/img/1/7/bn.png', NULL, 1),
(8, '/img/1/8/normal.png', '/img/1/8/organico.png', '/img/1/8/inorganico.png', '/img/1/8/bn.png', NULL, 1),
(9, '/img/1/9/normal.png', '/img/1/9/organico.png', '/img/1/9/inorganico.png', '/img/1/9/bn.png', NULL, 1),
(10, '/img/1/10/normal.png', '/img/1/10/organico.png', '/img/1/10/inorganico.png', '/img/1/10/bn.png', NULL, 1),
(11, '/img/1/11/normal.png', '/img/1/11/organico.png', '/img/1/11/inorganico.png', '/img/1/11/bn.png', NULL, 1),
(12, '/img/1/12/normal.png', '/img/1/12/organico.png', '/img/1/12/inorganico.png', '/img/1/12/bn.png', NULL, 1),
(13, '/img/1/13/normal.png', '/img/1/13/organico.png', '/img/1/13/inorganico.png', '/img/1/13/bn.png', NULL, 1),
(14, '/img/1/14/normal.png', '/img/1/14/organico.png', '/img/1/14/inorganico.png', '/img/1/14/bn.png', NULL, 1),
(15, '/img/1/15/normal.png', '/img/1/15/organico.png', '/img/1/15/inorganico.png', '/img/1/15/bn.png', NULL, 1),
(16, '/img/1/16/normal.png', '/img/1/16/organico.png', '/img/1/16/inorganico.png', '/img/1/16/bn.png', NULL, 1),
(17, '/img/1/17/normal.png', '/img/1/17/organico.png', '/img/1/17/inorganico.png', '/img/1/17/bn.png', NULL, 1),
(18, '/img/1/18/normal.png', '/img/1/18/organico.png', '/img/1/18/inorganico.png', '/img/1/18/bn.png', NULL, 1),
(19, '/img/1/19/normal.png', '/img/1/19/organico.png', '/img/1/19/inorganico.png', '/img/1/19/bn.png', NULL, 1),
(20, '/img/1/20/normal.png', '/img/1/20/organico.png', '/img/1/20/inorganico.png', '/img/1/20/bn.png', NULL, 1),
(21, '/img/1/21/normal.png', '/img/1/21/organico.png', '/img/1/21/inorganico.png', '/img/1/21/bn.png', NULL, 1),
(22, '/img/1/22/normal.png', '/img/1/22/organico.png', '/img/1/22/inorganico.png', '/img/1/22/bn.png', NULL, 1),
(23, '/img/1/23/normal.png', '/img/1/23/organico.png', '/img/1/23/inorganico.png', '/img/1/23/bn.png', NULL, 1),
(24, '/img/1/24/normal.png', '/img/1/24/organico.png', '/img/1/24/inorganico.png', '/img/1/24/bn.png', NULL, 1),
(25, '/img/1/25/normal.png', '/img/1/25/organico.png', '/img/1/25/inorganico.png', '/img/1/25/bn.png', NULL, 1),
(26, '/img/1/26/normal.png', '/img/1/26/organico.png', '/img/1/26/inorganico.png', '/img/1/26/bn.png', NULL, 1),
(27, '/img/1/27/normal.png', '/img/1/27/organico.png', '/img/1/27/inorganico.png', '/img/1/27/bn.png', NULL, 1),
(28, '/img/1/28/normal.png', '/img/1/28/organico.png', '/img/1/28/inorganico.png', '/img/1/28/bn.png', NULL, 1),
(29, '/img/1/29/normal.png', '/img/1/29/organico.png', '/img/1/29/inorganico.png', '/img/1/29/bn.png', NULL, 1),
(30, '/img/1/30/normal.png', '/img/1/30/organico.png', '/img/1/30/inorganico.png', '/img/1/30/bn.png', NULL, 1),
(31, '/img/1/31/normal.png', '/img/1/31/organico.png', '/img/1/31/inorganico.png', '/img/1/31/bn.png', NULL, 1),
(32, '/img/1/32/normal.png', '/img/1/32/organico.png', '/img/1/32/inorganico.png', '/img/1/32/bn.png', NULL, 1),
(33, '/img/1/33/normal.png', '/img/1/33/organico.png', '/img/1/33/inorganico.png', '/img/1/33/bn.png', NULL, 1),
(34, '/img/1/34/normal.png', '/img/1/34/organico.png', '/img/1/34/inorganico.png', '/img/1/34/bn.png', NULL, 1),
(35, '/img/1/35/normal.png', '/img/1/35/organico.png', '/img/1/35/inorganico.png', '/img/1/35/bn.png', NULL, 1),
(36, '/img/1/36/normal.png', '/img/1/36/organico.png', '/img/1/36/inorganico.png', '/img/1/36/bn.png', NULL, 1),
(37, '/img/1/37/normal.png', '/img/1/37/organico.png', '/img/1/37/inorganico.png', '/img/1/37/bn.png', NULL, 1),
(38, '/img/1/38/normal.png', '/img/1/38/organico.png', '/img/1/38/inorganico.png', '/img/1/38/bn.png', NULL, 1),
(39, '/img/1/39/normal.png', '/img/1/39/organico.png', '/img/1/39/inorganico.png', '/img/1/39/bn.png', NULL, 1),
(40, '/img/1/40/normal.png', '/img/1/40/organico.png', '/img/1/40/inorganico.png', '/img/1/40/bn.png', NULL, 1),
(41, '/img/1/41/normal.png', '/img/1/41/organico.png', '/img/1/41/inorganico.png', '/img/1/41/bn.png', NULL, 1),
(42, '/img/1/42/normal.png', '/img/1/42/organico.png', '/img/1/42/inorganico.png', '/img/1/42/bn.png', NULL, 1),
(43, '/img/1/43/normal.png', '/img/1/43/organico.png', '/img/1/43/inorganico.png', '/img/1/43/bn.png', NULL, 1),
(44, '/img/1/44/normal.png', '/img/1/44/organico.png', '/img/1/44/inorganico.png', '/img/1/44/bn.png', NULL, 1),
(45, '/img/1/45/normal.png', '/img/1/45/organico.png', '/img/1/45/inorganico.png', '/img/1/45/bn.png', NULL, 1),
(46, '/img/1/46/normal.png', '/img/1/46/organico.png', '/img/1/46/inorganico.png', '/img/1/46/bn.png', NULL, 1),
(47, '/img/1/47/normal.png', '/img/1/47/organico.png', '/img/1/47/inorganico.png', '/img/1/47/bn.png', NULL, 1),
(48, '/img/1/48/normal.png', '/img/1/48/organico.png', '/img/1/48/inorganico.png', '/img/1/48/bn.png', NULL, 1),
(49, '/img/1/49/normal.png', '/img/1/49/organico.png', '/img/1/49/inorganico.png', '/img/1/49/bn.png', NULL, 1),
(50, '/img/1/50/normal.png', '/img/1/50/organico.png', '/img/1/50/inorganico.png', '/img/1/50/bn.png', NULL, 1),
(51, '/img/1/51/normal.png', '/img/1/51/organico.png', '/img/1/51/inorganico.png', '/img/1/51/bn.png', NULL, 1),
(52, '/img/1/52/normal.png', '/img/1/52/organico.png', '/img/1/52/inorganico.png', '/img/1/52/bn.png', NULL, 1),
(53, '/img/1/53/normal.png', '/img/1/53/organico.png', '/img/1/53/inorganico.png', '/img/1/53/bn.png', NULL, 1),
(54, '/img/1/54/normal.png', '/img/1/54/organico.png', '/img/1/54/inorganico.png', '/img/1/54/bn.png', NULL, 1),
(55, '/img/1/55/normal.png', '/img/1/55/organico.png', '/img/1/55/inorganico.png', '/img/1/55/bn.png', NULL, 1),
(56, '/img/1/56/normal.png', '/img/1/56/organico.png', '/img/1/56/inorganico.png', '/img/1/56/bn.png', NULL, 1),
(57, '/img/1/57/normal.png', '/img/1/57/organico.png', '/img/1/57/inorganico.png', '/img/1/57/bn.png', NULL, 1),
(58, '/img/1/58/normal.png', '/img/1/58/organico.png', '/img/1/58/inorganico.png', '/img/1/58/bn.png', NULL, 1),
(59, '/img/1/59/normal.png', '/img/1/59/organico.png', '/img/1/59/inorganico.png', '/img/1/59/bn.png', NULL, 1),
(60, '/img/1/60/normal.png', '/img/1/60/organico.png', '/img/1/60/inorganico.png', '/img/1/60/bn.png', NULL, 1),
(61, '/img/1/61/normal.png', '/img/1/61/organico.png', '/img/1/61/inorganico.png', '/img/1/61/bn.png', NULL, 1),
(62, '/img/1/62/normal.png', '/img/1/62/organico.png', '/img/1/62/inorganico.png', '/img/1/62/bn.png', NULL, 1),
(63, '/img/1/63/normal.png', '/img/1/63/organico.png', '/img/1/63/inorganico.png', '/img/1/63/bn.png', NULL, 1),
(64, '/img/1/64/normal.png', '/img/1/64/organico.png', '/img/1/64/inorganico.png', '/img/1/64/bn.png', 1, 1),
(65, '/img/1/65/normal.png', '/img/1/65/organico.png', '/img/1/65/inorganico.png', '/img/1/65/bn.png', 2, 1),
(66, '/img/1/66/normal.png', '/img/1/66/organico.png', '/img/1/66/inorganico.png', '/img/1/66/bn.png', 3, 1),
(67, '/img/1/67/normal.png', '/img/1/67/organico.png', '/img/1/67/inorganico.png', '/img/1/67/bn.png', 4, 1),
(68, '/img/1/68/normal.png', '/img/1/68/organico.png', '/img/1/68/inorganico.png', '/img/1/68/bn.png', 5, 1),
(69, '/img/1/69/normal.png', '/img/1/69/organico.png', '/img/1/69/inorganico.png', '/img/1/69/bn.png', 6, 1),
(70, '/img/1/70/normal.png', '/img/1/70/organico.png', '/img/1/70/inorganico.png', '/img/1/70/bn.png', 7, 1),
(71, '/img/1/71/normal.png', '/img/1/71/organico.png', '/img/1/71/inorganico.png', '/img/1/71/bn.png', 8, 1),
(72, '/img/1/72/normal.png', '/img/1/72/organico.png', '/img/1/72/inorganico.png', '/img/1/72/bn.png', 9, 1),
(73, '/img/1/73/normal.png', '/img/1/73/organico.png', '/img/1/73/inorganico.png', '/img/1/73/bn.png', 10, 1),
(74, '/img/1/74/normal.png', '/img/1/74/organico.png', '/img/1/74/inorganico.png', '/img/1/74/bn.png', 11, 1),
(75, '/img/1/75/normal.png', '/img/1/75/organico.png', '/img/1/75/inorganico.png', '/img/1/75/bn.png', 12, 1),
(76, '/img/1/76/normal.png', '/img/1/76/organico.png', '/img/1/76/inorganico.png', '/img/1/76/bn.png', 13, 1),
(77, '/img/1/77/normal.png', '/img/1/77/organico.png', '/img/1/77/inorganico.png', '/img/1/77/bn.png', 14, 1),
(78, '/img/1/78/normal.png', '/img/1/78/organico.png', '/img/1/78/inorganico.png', '/img/1/78/bn.png', 15, 1),
(79, '/img/1/79/normal.png', '/img/1/79/organico.png', '/img/1/79/inorganico.png', '/img/1/79/bn.png', 16, 1),
(80, '/img/1/80/normal.png', '/img/1/80/organico.png', '/img/1/80/inorganico.png', '/img/1/80/bn.png', 17, 1),
(81, '/img/1/81/normal.png', '/img/1/81/organico.png', '/img/1/81/inorganico.png', '/img/1/81/bn.png', 18, 1),
(82, '/img/1/82/normal.png', '/img/1/82/organico.png', '/img/1/82/inorganico.png', '/img/1/82/bn.png', 19, 1),
(83, '/img/1/83/normal.png', '/img/1/83/organico.png', '/img/1/83/inorganico.png', '/img/1/83/bn.png', 20, 1),
(84, '/img/1/84/normal.png', '/img/1/84/organico.png', '/img/1/84/inorganico.png', '/img/1/84/bn.png', 21, 1),
(85, '/img/1/85/normal.png', '/img/1/85/organico.png', '/img/1/85/inorganico.png', '/img/1/85/bn.png', 22, 1),
(86, '/img/1/86/normal.png', '/img/1/86/organico.png', '/img/1/86/inorganico.png', '/img/1/86/bn.png', 23, 1),
(87, '/img/1/87/normal.png', '/img/1/87/organico.png', '/img/1/87/inorganico.png', '/img/1/87/bn.png', 24, 1),
(88, '/img/1/88/normal.png', '/img/1/88/organico.png', '/img/1/88/inorganico.png', '/img/1/88/bn.png', 25, 1),
(89, '/img/1/89/normal.png', '/img/1/89/organico.png', '/img/1/89/inorganico.png', '/img/1/89/bn.png', 26, 1),
(90, '/img/1/90/normal.png', '/img/1/90/organico.png', '/img/1/90/inorganico.png', '/img/1/90/bn.png', 27, 1),
(91, '/img/1/91/normal.png', '/img/1/91/organico.png', '/img/1/91/inorganico.png', '/img/1/91/bn.png', 28, 1),
(92, '/img/1/92/normal.png', '/img/1/92/organico.png', '/img/1/92/inorganico.png', '/img/1/92/bn.png', 29, 1),
(93, '/img/1/93/normal.png', '/img/1/93/organico.png', '/img/1/93/inorganico.png', '/img/1/93/bn.png', 30, 1),
(94, '/img/1/94/normal.png', '/img/1/94/organico.png', '/img/1/94/inorganico.png', '/img/1/94/bn.png', 31, 1),
(95, '/img/1/95/normal.png', '/img/1/95/organico.png', '/img/1/95/inorganico.png', '/img/1/95/bn.png', 32, 1),
(96, '/img/1/96/normal.png', '/img/1/96/organico.png', '/img/1/96/inorganico.png', '/img/1/96/bn.png', 33, 1),
(97, '/img/1/97/normal.png', '/img/1/97/organico.png', '/img/1/97/inorganico.png', '/img/1/97/bn.png', 34, 1),
(98, '/img/1/98/normal.png', '/img/1/98/organico.png', '/img/1/98/inorganico.png', '/img/1/98/bn.png', 35, 1),
(99, '/img/1/99/normal.png', '/img/1/99/organico.png', '/img/1/99/inorganico.png', '/img/1/99/bn.png', 36, 1),
(100, '/img/1/100/normal.png', '/img/1/100/organico.png', '/img/1/100/inorganico.png', '/img/1/100/bn.png', 37, 1),
(101, '/img/1/101/normal.png', '/img/1/101/organico.png', '/img/1/101/inorganico.png', '/img/1/101/bn.png', 38, 1),
(102, '/img/1/102/normal.png', '/img/1/102/organico.png', '/img/1/102/inorganico.png', '/img/1/102/bn.png', 39, 1),
(103, '/img/1/103/normal.png', '/img/1/103/organico.png', '/img/1/103/inorganico.png', '/img/1/103/bn.png', 40, 1),
(104, '/img/1/104/normal.png', '/img/1/104/organico.png', '/img/1/104/inorganico.png', '/img/1/104/bn.png', 41, 1),
(105, '/img/1/105/normal.png', '/img/1/105/organico.png', '/img/1/105/inorganico.png', '/img/1/105/bn.png', 42, 1),
(106, '/img/1/106/normal.png', '/img/1/106/organico.png', '/img/1/106/inorganico.png', '/img/1/106/bn.png', 43, 1),
(107, '/img/1/107/normal.png', '/img/1/107/organico.png', '/img/1/107/inorganico.png', '/img/1/107/bn.png', 44, 1),
(108, '/img/1/108/normal.png', '/img/1/108/organico.png', '/img/1/108/inorganico.png', '/img/1/108/bn.png', 45, 1),
(109, '/img/1/109/normal.png', '/img/1/109/organico.png', '/img/1/109/inorganico.png', '/img/1/109/bn.png', 46, 1),
(110, '/img/1/110/normal.png', '/img/1/110/organico.png', '/img/1/110/inorganico.png', '/img/1/110/bn.png', 47, 1),
(111, '/img/1/111/normal.png', '/img/1/111/organico.png', '/img/1/111/inorganico.png', '/img/1/111/bn.png', 48, 1),
(112, '/img/1/112/normal.png', '/img/1/112/organico.png', '/img/1/112/inorganico.png', '/img/1/112/bn.png', 49, 1),
(113, '/img/1/113/normal.png', '/img/1/113/organico.png', '/img/1/113/inorganico.png', '/img/1/113/bn.png', 50, 1),
(114, '/img/1/114/normal.png', '/img/1/114/organico.png', '/img/1/114/inorganico.png', '/img/1/114/bn.png', 51, 1),
(115, '/img/1/115/normal.png', '/img/1/115/organico.png', '/img/1/115/inorganico.png', '/img/1/115/bn.png', 52, 1),
(116, '/img/1/116/normal.png', '/img/1/116/organico.png', '/img/1/116/inorganico.png', '/img/1/116/bn.png', 53, 1),
(117, '/img/1/117/normal.png', '/img/1/117/organico.png', '/img/1/117/inorganico.png', '/img/1/117/bn.png', 54, 1),
(118, '/img/1/118/normal.png', '/img/1/118/organico.png', '/img/1/118/inorganico.png', '/img/1/118/bn.png', 55, 1),
(119, '/img/1/119/normal.png', '/img/1/119/organico.png', '/img/1/119/inorganico.png', '/img/1/119/bn.png', 56, 1),
(120, '/img/1/120/normal.png', '/img/1/120/organico.png', '/img/1/120/inorganico.png', '/img/1/120/bn.png', 57, 1),
(121, '/img/1/121/normal.png', '/img/1/121/organico.png', '/img/1/121/inorganico.png', '/img/1/121/bn.png', 58, 1),
(122, '/img/2/122/normal.png', '/img/2/122/organico.png', '/img/2/122/inorganico.png', '/img/2/122/bn.png', 59, 2),
(123, '/img/2/123/normal.png', '/img/2/123/organico.png', '/img/2/123/inorganico.png', '/img/2/123/bn.png', 60, 2),
(124, '/img/2/124/normal.png', '/img/2/124/organico.png', '/img/2/124/inorganico.png', '/img/2/124/bn.png', 61, 2),
(125, '/img/2/125/normal.png', '/img/2/125/organico.png', '/img/2/125/inorganico.png', '/img/2/125/bn.png', 62, 2),
(126, '/img/2/126/normal.png', '/img/2/126/organico.png', '/img/2/126/inorganico.png', '/img/2/126/bn.png', 63, 2),
(127, '/img/2/127/normal.png', '/img/2/127/organico.png', '/img/2/127/inorganico.png', '/img/2/127/bn.png', 64, 2),
(128, '/img/2/128/normal.png', '/img/2/128/organico.png', '/img/2/128/inorganico.png', '/img/2/128/bn.png', 65, 2),
(129, '/img/2/129/normal.png', '/img/2/129/organico.png', '/img/2/129/inorganico.png', '/img/2/129/bn.png', 66, 2),
(130, '/img/2/130/normal.png', '/img/2/130/organico.png', '/img/2/130/inorganico.png', '/img/2/130/bn.png', 67, 2),
(131, '/img/2/131/normal.png', '/img/2/131/organico.png', '/img/2/131/inorganico.png', '/img/2/131/bn.png', 68, 2),
(132, '/img/2/132/normal.png', '/img/2/132/organico.png', '/img/2/132/inorganico.png', '/img/2/132/bn.png', 69, 2),
(133, '/img/2/133/normal.png', '/img/2/133/organico.png', '/img/2/133/inorganico.png', '/img/2/133/bn.png', 70, 2),
(134, '/img/2/134/normal.png', '/img/2/134/organico.png', '/img/2/134/inorganico.png', '/img/2/134/bn.png', 71, 2),
(135, '/img/2/135/normal.png', '/img/2/135/organico.png', '/img/2/135/inorganico.png', '/img/2/135/bn.png', 72, 2),
(136, '/img/2/136/normal.png', '/img/2/136/organico.png', '/img/2/136/inorganico.png', '/img/2/136/bn.png', 73, 2),
(137, '/img/2/137/normal.png', '/img/2/137/organico.png', '/img/2/137/inorganico.png', '/img/2/137/bn.png', 74, 2),
(138, '/img/2/138/normal.png', '/img/2/138/organico.png', '/img/2/138/inorganico.png', '/img/2/138/bn.png', 75, 2),
(139, '/img/2/139/normal.png', '/img/2/139/organico.png', '/img/2/139/inorganico.png', '/img/2/139/bn.png', 76, 2),
(140, '/img/2/140/normal.png', '/img/2/140/organico.png', '/img/2/140/inorganico.png', '/img/2/140/bn.png', 77, 2),
(141, '/img/2/141/normal.png', '/img/2/141/organico.png', '/img/2/141/inorganico.png', '/img/2/141/bn.png', 78, 2),
(142, '/img/2/142/normal.png', '/img/2/142/organico.png', '/img/2/142/inorganico.png', '/img/2/142/bn.png', 79, 2),
(143, '/img/2/143/normal.png', '/img/2/143/organico.png', '/img/2/143/inorganico.png', '/img/2/143/bn.png', 80, 2),
(144, '/img/2/144/normal.png', '/img/2/144/organico.png', '/img/2/144/inorganico.png', '/img/2/144/bn.png', 81, 2),
(145, '/img/2/145/normal.png', '/img/2/145/organico.png', '/img/2/145/inorganico.png', '/img/2/145/bn.png', 82, 2),
(146, '/img/2/146/normal.png', '/img/2/146/organico.png', '/img/2/146/inorganico.png', '/img/2/146/bn.png', 83, 2),
(147, '/img/2/147/normal.png', '/img/2/147/organico.png', '/img/2/147/inorganico.png', '/img/2/147/bn.png', 84, 2),
(148, '/img/2/148/normal.png', '/img/2/148/organico.png', '/img/2/148/inorganico.png', '/img/2/148/bn.png', 85, 2),
(149, '/img/2/149/normal.png', '/img/2/149/organico.png', '/img/2/149/inorganico.png', '/img/2/149/bn.png', 86, 2),
(150, '/img/2/150/normal.png', '/img/2/150/organico.png', '/img/2/150/inorganico.png', '/img/2/150/bn.png', 87, 2),
(151, '/img/2/151/normal.png', '/img/2/151/organico.png', '/img/2/151/inorganico.png', '/img/2/151/bn.png', 88, 2),
(152, '/img/2/152/normal.png', '/img/2/152/organico.png', '/img/2/152/inorganico.png', '/img/2/152/bn.png', 89, 2),
(153, '/img/2/153/normal.png', '/img/2/153/organico.png', '/img/2/153/inorganico.png', '/img/2/153/bn.png', 90, 2),
(154, '/img/2/154/normal.png', '/img/2/154/organico.png', '/img/2/154/inorganico.png', '/img/2/154/bn.png', 91, 2),
(155, '/img/2/155/normal.png', '/img/2/155/organico.png', '/img/2/155/inorganico.png', '/img/2/155/bn.png', 92, 2),
(156, '/img/2/156/normal.png', '/img/2/156/organico.png', '/img/2/156/inorganico.png', '/img/2/156/bn.png', 93, 2),
(157, '/img/2/157/normal.png', '/img/2/157/organico.png', '/img/2/157/inorganico.png', '/img/2/157/bn.png', 94, 2),
(158, '/img/2/158/normal.png', '/img/2/158/organico.png', '/img/2/158/inorganico.png', '/img/2/158/bn.png', 95, 2),
(159, '/img/2/159/normal.png', '/img/2/159/organico.png', '/img/2/159/inorganico.png', '/img/2/159/bn.png', 96, 2),
(160, '/img/2/160/normal.png', '/img/2/160/organico.png', '/img/2/160/inorganico.png', '/img/2/160/bn.png', 97, 2),
(161, '/img/2/161/normal.png', '/img/2/161/organico.png', '/img/2/161/inorganico.png', '/img/2/161/bn.png', 98, 2),
(162, '/img/2/162/normal.png', '/img/2/162/organico.png', '/img/2/162/inorganico.png', '/img/2/162/bn.png', 99, 2),
(163, '/img/2/163/normal.png', '/img/2/163/organico.png', '/img/2/163/inorganico.png', '/img/2/163/bn.png', 100, 2),
(164, '/img/2/164/normal.png', '/img/2/164/organico.png', '/img/2/164/inorganico.png', '/img/2/164/bn.png', 101, 2),
(165, '/img/2/165/normal.png', '/img/2/165/organico.png', '/img/2/165/inorganico.png', '/img/2/165/bn.png', 102, 2),
(166, '/img/2/166/normal.png', '/img/2/166/organico.png', '/img/2/166/inorganico.png', '/img/2/166/bn.png', 103, 2),
(167, '/img/2/167/normal.png', '/img/2/167/organico.png', '/img/2/167/inorganico.png', '/img/2/167/bn.png', 104, 2),
(168, '/img/2/168/normal.png', '/img/2/168/organico.png', '/img/2/168/inorganico.png', '/img/2/168/bn.png', 105, 2),
(169, '/img/2/169/normal.png', '/img/2/169/organico.png', '/img/2/169/inorganico.png', '/img/2/169/bn.png', 106, 2),
(170, '/img/2/170/normal.png', '/img/2/170/organico.png', '/img/2/170/inorganico.png', '/img/2/170/bn.png', 107, 2),
(171, '/img/2/171/normal.png', '/img/2/171/organico.png', '/img/2/171/inorganico.png', '/img/2/171/bn.png', 108, 2),
(172, '/img/2/172/normal.png', '/img/2/172/organico.png', '/img/2/172/inorganico.png', '/img/2/172/bn.png', 109, 2),
(173, '/img/2/173/normal.png', '/img/2/173/organico.png', '/img/2/173/inorganico.png', '/img/2/173/bn.png', 110, 2),
(174, '/img/2/174/normal.png', '/img/2/174/organico.png', '/img/2/174/inorganico.png', '/img/2/174/bn.png', 111, 2),
(175, '/img/2/175/normal.png', '/img/2/175/organico.png', '/img/2/175/inorganico.png', '/img/2/175/bn.png', 112, 2),
(176, '/img/2/176/normal.png', '/img/2/176/organico.png', '/img/2/176/inorganico.png', '/img/2/176/bn.png', 113, 2),
(177, '/img/2/177/normal.png', '/img/2/177/organico.png', '/img/2/177/inorganico.png', '/img/2/177/bn.png', 114, 2),
(178, '/img/2/178/normal.png', '/img/2/178/organico.png', '/img/2/178/inorganico.png', '/img/2/178/bn.png', 115, 2),
(179, '/img/2/179/normal.png', '/img/2/179/organico.png', '/img/2/179/inorganico.png', '/img/2/179/bn.png', 116, 2),
(180, '/img/2/180/normal.png', '/img/2/180/organico.png', '/img/2/180/inorganico.png', '/img/2/180/bn.png', NULL, 2),
(181, '/img/2/181/normal.png', '/img/2/181/organico.png', '/img/2/181/inorganico.png', '/img/2/181/bn.png', NULL, 2),
(182, '/img/2/182/normal.png', '/img/2/182/organico.png', '/img/2/182/inorganico.png', '/img/2/182/bn.png', NULL, 2),
(183, '/img/2/183/normal.png', '/img/2/183/organico.png', '/img/2/183/inorganico.png', '/img/2/183/bn.png', NULL, 2),
(184, '/img/2/184/normal.png', '/img/2/184/organico.png', '/img/2/184/inorganico.png', '/img/2/184/bn.png', NULL, 2),
(185, '/img/2/185/normal.png', '/img/2/185/organico.png', '/img/2/185/inorganico.png', '/img/2/185/bn.png', NULL, 2),
(186, '/img/2/186/normal.png', '/img/2/186/organico.png', '/img/2/186/inorganico.png', '/img/2/186/bn.png', NULL, 2),
(187, '/img/2/187/normal.png', '/img/2/187/organico.png', '/img/2/187/inorganico.png', '/img/2/187/bn.png', NULL, 2),
(188, '/img/2/188/normal.png', '/img/2/188/organico.png', '/img/2/188/inorganico.png', '/img/2/188/bn.png', NULL, 2),
(189, '/img/2/189/normal.png', '/img/2/189/organico.png', '/img/2/189/inorganico.png', '/img/2/189/bn.png', NULL, 2),
(190, '/img/2/190/normal.png', '/img/2/190/organico.png', '/img/2/190/inorganico.png', '/img/2/190/bn.png', NULL, 2),
(191, '/img/2/191/normal.png', '/img/2/191/organico.png', '/img/2/191/inorganico.png', '/img/2/191/bn.png', NULL, 2),
(192, '/img/2/192/normal.png', '/img/2/192/organico.png', '/img/2/192/inorganico.png', '/img/2/192/bn.png', NULL, 2),
(193, '/img/2/193/normal.png', '/img/2/193/organico.png', '/img/2/193/inorganico.png', '/img/2/193/bn.png', NULL, 2),
(194, '/img/2/194/normal.png', '/img/2/194/organico.png', '/img/2/194/inorganico.png', '/img/2/194/bn.png', NULL, 2),
(195, '/img/2/195/normal.png', '/img/2/195/organico.png', '/img/2/195/inorganico.png', '/img/2/195/bn.png', NULL, 2),
(196, '/img/2/196/normal.png', '/img/2/196/organico.png', '/img/2/196/inorganico.png', '/img/2/196/bn.png', NULL, 2),
(197, '/img/2/197/normal.png', '/img/2/197/organico.png', '/img/2/197/inorganico.png', '/img/2/197/bn.png', NULL, 2),
(198, '/img/2/198/normal.png', '/img/2/198/organico.png', '/img/2/198/inorganico.png', '/img/2/198/bn.png', NULL, 2),
(199, '/img/2/199/normal.png', '/img/2/199/organico.png', '/img/2/199/inorganico.png', '/img/2/199/bn.png', NULL, 2),
(200, '/img/2/200/normal.png', '/img/2/200/organico.png', '/img/2/200/inorganico.png', '/img/2/200/bn.png', NULL, 2),
(201, '/img/2/201/normal.png', '/img/2/201/organico.png', '/img/2/201/inorganico.png', '/img/2/201/bn.png', NULL, 2),
(202, '/img/2/202/normal.png', '/img/2/202/organico.png', '/img/2/202/inorganico.png', '/img/2/202/bn.png', NULL, 2),
(203, '/img/2/203/normal.png', '/img/2/203/organico.png', '/img/2/203/inorganico.png', '/img/2/203/bn.png', NULL, 2),
(204, '/img/2/204/normal.png', '/img/2/204/organico.png', '/img/2/204/inorganico.png', '/img/2/204/bn.png', NULL, 2),
(205, '/img/2/205/normal.png', '/img/2/205/organico.png', '/img/2/205/inorganico.png', '/img/2/205/bn.png', NULL, 2),
(206, '/img/2/206/normal.png', '/img/2/206/organico.png', '/img/2/206/inorganico.png', '/img/2/206/bn.png', NULL, 2),
(207, '/img/2/207/normal.png', '/img/2/207/organico.png', '/img/2/207/inorganico.png', '/img/2/207/bn.png', NULL, 2),
(208, '/img/2/208/normal.png', '/img/2/208/organico.png', '/img/2/208/inorganico.png', '/img/2/208/bn.png', NULL, 2),
(209, '/img/2/209/normal.png', '/img/2/209/organico.png', '/img/2/209/inorganico.png', '/img/2/209/bn.png', NULL, 2),
(210, '/img/2/210/normal.png', '/img/2/210/organico.png', '/img/2/210/inorganico.png', '/img/2/210/bn.png', NULL, 2),
(211, '/img/2/211/normal.png', '/img/2/211/organico.png', '/img/2/211/inorganico.png', '/img/2/211/bn.png', NULL, 2),
(212, '/img/2/212/normal.png', '/img/2/212/organico.png', '/img/2/212/inorganico.png', '/img/2/212/bn.png', NULL, 2),
(213, '/img/2/213/normal.png', '/img/2/213/organico.png', '/img/2/213/inorganico.png', '/img/2/213/bn.png', NULL, 2),
(214, '/img/2/214/normal.png', '/img/2/214/organico.png', '/img/2/214/inorganico.png', '/img/2/214/bn.png', NULL, 2),
(215, '/img/2/215/normal.png', '/img/2/215/organico.png', '/img/2/215/inorganico.png', '/img/2/215/bn.png', NULL, 2),
(216, '/img/2/216/normal.png', '/img/2/216/organico.png', '/img/2/216/inorganico.png', '/img/2/216/bn.png', NULL, 2),
(217, '/img/2/217/normal.png', '/img/2/217/organico.png', '/img/2/217/inorganico.png', '/img/2/217/bn.png', NULL, 2),
(218, '/img/2/218/normal.png', '/img/2/218/organico.png', '/img/2/218/inorganico.png', '/img/2/218/bn.png', NULL, 2),
(219, '/img/2/219/normal.png', '/img/2/219/organico.png', '/img/2/219/inorganico.png', '/img/2/219/bn.png', NULL, 2),
(220, '/img/2/220/normal.png', '/img/2/220/organico.png', '/img/2/220/inorganico.png', '/img/2/220/bn.png', NULL, 2),
(221, '/img/2/221/normal.png', '/img/2/221/organico.png', '/img/2/221/inorganico.png', '/img/2/221/bn.png', NULL, 2),
(222, '/img/2/222/normal.png', '/img/2/222/organico.png', '/img/2/222/inorganico.png', '/img/2/222/bn.png', NULL, 2),
(223, '/img/2/223/normal.png', '/img/2/223/organico.png', '/img/2/223/inorganico.png', '/img/2/223/bn.png', NULL, 2),
(224, '/img/2/224/normal.png', '/img/2/224/organico.png', '/img/2/224/inorganico.png', '/img/2/224/bn.png', NULL, 2),
(225, '/img/2/225/normal.png', '/img/2/225/organico.png', '/img/2/225/inorganico.png', '/img/2/225/bn.png', NULL, 2),
(226, '/img/2/226/normal.png', '/img/2/226/organico.png', '/img/2/226/inorganico.png', '/img/2/226/bn.png', NULL, 2),
(227, '/img/2/227/normal.png', '/img/2/227/organico.png', '/img/2/227/inorganico.png', '/img/2/227/bn.png', NULL, 2),
(228, '/img/2/228/normal.png', '/img/2/228/organico.png', '/img/2/228/inorganico.png', '/img/2/228/bn.png', NULL, 2),
(229, '/img/2/229/normal.png', '/img/2/229/organico.png', '/img/2/229/inorganico.png', '/img/2/229/bn.png', NULL, 2),
(230, '/img/2/230/normal.png', '/img/2/230/organico.png', '/img/2/230/inorganico.png', '/img/2/230/bn.png', NULL, 2),
(231, '/img/2/231/normal.png', '/img/2/231/organico.png', '/img/2/231/inorganico.png', '/img/2/231/bn.png', NULL, 2),
(232, '/img/2/232/normal.png', '/img/2/232/organico.png', '/img/2/232/inorganico.png', '/img/2/232/bn.png', NULL, 2),
(233, '/img/2/233/normal.png', '/img/2/233/organico.png', '/img/2/233/inorganico.png', '/img/2/233/bn.png', NULL, 2),
(234, '/img/2/234/normal.png', '/img/2/234/organico.png', '/img/2/234/inorganico.png', '/img/2/234/bn.png', NULL, 2),
(235, '/img/2/235/normal.png', '/img/2/235/organico.png', '/img/2/235/inorganico.png', '/img/2/235/bn.png', NULL, 2);


CREATE TABLE IF NOT EXISTS `modulo_teorico` (
  `Id_Modulo` int(11) NOT NULL,
  `Nivel` int(3) NOT NULL,
  `PDF` longblob,
  PRIMARY KEY (`Id_Modulo`,`Nivel`),
  KEY `Nivel` (`Nivel`)
)ENGINE=InnoDB DEFAULT CHARSET=utf8;


INSERT INTO `modulo_teorico` (`Id_Modulo`, `Nivel`, `PDF`) VALUES
(1, 1, NULL),
(2, 1, NULL),
(3, 1, NULL),
(4, 1, NULL),
(5, 1, NULL),
(1, 2, NULL),
(1, 3, NULL),
(6, 1, 0x255044462d312e370a25e2e3cfd30a362030206f626a0a3c3c202f54797065202f50616765202f506172656e74203120302052202f4c6173744d6f6469666965642028443a32303136303531313230323734342b30322730302729202f5265736f7572636573203220302052202f4d65646961426f78205b302e30303030303020302e303030303030203539352e323736303030203834312e3839303030305d202f43726f70426f78205b302e30303030303020302e303030303030203539352e323736303030203834312e3839303030305d202f426c656564426f78205b302e30303030303020302e303030303030203539352e323736303030203834312e3839303030305d202f5472696d426f78205b302e30303030303020302e303030303030203539352e323736303030203834312e3839303030305d202f417274426f78205b302e30303030303020302e303030303030203539352e323736303030203834312e3839303030305d202f436f6e74656e7473203720302052202f526f746174652030202f47726f7570203c3c202f54797065202f47726f7570202f53202f5472616e73706172656e6379202f4353202f446576696365524742203e3e202f416e6e6f7473205b203520302052205d202f505a2031203e3e0a656e646f626a0a372030206f626a0a3c3c2f46696c746572202f466c6174654465636f6465202f4c656e67746820333335383e3e2073747265616d0a789ced5d4b531b4912befb5754c4c646786245b9de0fdf64813d38b08581f1c1e339b4a536cb06a8714b98f09ef677edbf99e31ce63031b73d6d561ba4522384d4ea57691041d0b4baab32f3cbcccaac27c15213f8a06b44d06bf8fd17faf917f83384df57f07bfae4c5097af69222ca30c93ee8e433da3b79428abef865fa05c99778f3efdd8ba3570f7c5ba8c8eae8284246f5a483e8a11af8f12adbe10233965d0e2e8a15fb0531c1a75fc08f10b7ff3183b950426a64a8c6962bad19d4839eed53b49ba0776d91cc26df3e79b7cc1696bd3a67254591f4657f7b01486ec85199f694dd66888a3a39041efc2288c4926829f85c11f752561cce2f708729f8e80517e929822aa19a74f6de35d4e8ee32abb1e2c6dd329463c38cb3959321faf9692fb9b81a31f2c32fe8e4b57bfa5d293a7797effa9ce8324da11b68ca6298d7d1146a2d665c2ed49445946da6298a5a458cbb803a999ddd595153b455583231d5144a9f11f98c11aa4a5696bbac07af2cf720bd96b2708aa5b4a1288bb69878caf2321a4caed2e839fadbcb6e8f304b35db7eada9bda9ae8978b494c4a558168ef3970b0c7302ea49175ca4a74f2863580b220d458a132c08c4871c5129b0d0dc180d7129b48137ad668c3ea38ae8605a63468550c6a7c318cc34d196d5450657120b2399223e191047532eb9557591218805e74214c4eb8d922139d65211c99b25035ca7b1a01cd6274329cc082756944706bdbdbe7b316f2ad235f782428833672a926073f378857478a6e2d1e1994a3d6478a6e291e129473d6478a6d22819335369948c99a9786478a6521619e4d6e2ee5ee44c4548b8bc632ae5798e6574f8a632a3a39256651919bea9ccc8a8c48f2e23c3379526c9f04ca549323c539991d168ab4229365a18412a3195d55b95191d1598caeaadca8c8c0a9463f556a549323c5369920ccf54666454602a0fe42adc0019866881b8a558809650838cc590323369d10e036dcd3ed5a62a500d359673ee93212d964c4ba26a23c368aca932dc344a0617e03784e042544cc6036ed4d30dc531e3845be9eb0655d84106a055ea453ddd9891e149a326323cdd68900c5f372a25e38168d4d30d014ecb6aa25815baf14030eae9c68c8cdaa5e1eb468364f8bab122194b2abbed3433b7b7d6e8dc6be53bc54a6c62b86c3ab2ac19c1ca10d73793756b23af13bb84dede56c2d40e75a85bba55a86ebd12bb1d78256b93b1e8a5068693a0e1826aa54b1b3531581a31b5bb9be1a4c1d99f23f40ded9ea5f120bb1ec6281e4dd2f834c29e656eb573f2a4a4ecbc945ec79f3fc7e93819a1deafe9301e4563d48bd2f4ecfc3c99f35b01726ae639ed7e1d4618bd89d22f57bf8d9d16f492f4539c461d247907b1ffeebc089d613dcf30738d10303c4ccf86a1b3a6e659db0ea6e43c537be3cbe88f2874a6c43c53e0c33924bd52361805b52b6a28f39d5029afbea4465300e5e6e17846801a09340a0b53af539237fdc84062cb093883d9030f4e60ba0926d7ab323743cef5cde76bbdafdc06f40294811a9ae905e3183464aa176fff7711a7898b452ee3e1d930797e574fd612cc3a62531c4b2b168a6d41adcd8a8d0a6c289b8a8d73480c566e2757617b2563c9092537a35703897a552d7cb0b6b669aeb4d9b0d82cb98a07ff8c668a5ba3de427c41980a426fa5cb40d44c6f17ce86dd9cf7529497c8c5be602b9457136c3db7fbe6b74932fcee76a3d3ea9d6e117cca7fc7837b874178a288e0660d3dca35ba205c4241b95b6b8502839d65e82b86b9d77a1cc5c3f1b771e9338b8b82413586ec76ee8175b120985bd1622cb402f30375b177b050aa6305fa4fb3603460819463c6ec6a90cd83cd25b6966fafab16026b2fce3849a3d1f832492767e3495467786cb1e52c8c28832b4cbc28a3d73f3adaeb1fa3b7ddde7eff6df7a060acb1500005438df22dba48ceeb07528c61eb067ff51aec3d28bd5afa3ad8dd9296cd4bd984a5fbeaab62fecc97e5732856eb7b84b8c630ad99fd6e09876932bc1a4c12f40c1dc59fe3341e0dcea232fa219772523e4af36d3d58bd25aa70b420dd7435e9a6322e6840da0d3533704bd86c714c0eea6e9a9e7d5abdef3c27124cb40e5e22a01a921b37233193c8c7a793681c8dd1284167a3c1f9d5efc368fcf1879222ade60c80096c0c83e4a578b8cc006ee2a68d06073757067346b265590f19402ec3679859113cd3391ddf7fdfbd976381ad34a1332cdd9a6061ada4df19beb1e4247c33069f4bd8dc036b9af10ed4ab75de110401b0001724a4cc9635e6cc78371e0faee2d1e45eb5e6046bc182d46b9fed9c2187afd04e1d2ddd44a1dd0082a4d604082cc494129877eb6373fadc8b46131c3cb8906173ab952dde5fcab8ebb9778b448243571270394c65cb8e73e89e2493e81c2d6b85ddc8c216f09d7357cd37c3554fa058bea0a1483d0fac5bd9a0be22d454b3d0a38c0954d248cc2499ea5a2fba381bc79308bddfef1f7477fb477bc7e8a0ffaa8f88596156496bb974312ed56ea969c6e58b83eedb5e17eda05effa07f849ea39b1b6ff75e1df53b21332a29e6de54a093eec14117f87b53423fd472eacb376c3fdc71e36b86e61dfb5abd2e90929ac51d516dc7d7eb76c99b2b551d08834a1ad16a1260c6200995f944631d800da672713f4bdbf1f533f01cbe8c74e0c1f0f175911c9d7f604d78b98b521667a26dc7d7cb44f3f8eeec040f2da4a2546f948a52e9f2b985b968eba19de5a2775c73f0c832820d30b8411e0a46cba859988fb51d592f1f6b9d53ae3a1d5bbe86b85802b4bcc4e2f5d5998e2da7b394f81d025db1281d3bea1e1e43ae827e7abbff7eefe8787fb7bb5b599a52039b5463e9e5632eef72e95899e9ca722eca577cbf41c3429b8d46cd6b48562a42d94f5672ca5c6ab2d220bc61242b15e1eb272b397c4b6d171bc4378c64a5227cfd6425876f59c94a93a61b44b25215b45eb29277cdc1231b46b25211b27eb2d236a7fc387634abafce64a586c106d03a7fddf13459f971ff10fdd83f44bdfe9bbd63f4f2a8ff26e021156138569e411df77f3a402fcea3d1202a396369b67f1662f6b6a72c358cafe4549a9a0e2d6dc5d0e3f84a33f8fa294b0e5f463b566e01be61a42c358cafe4f07d1c5fd99ef195bc6b0e1ed93052961ac657dae694cb4b598abdb37c16691bbfdd24656aeadbcdc6a49af9b69d922c3f052fb9d360c1e4df6525f9adafd058097718436127cddc2640466953e55cfb1af26088a209556e9ff9f9e5aedfa7657f7c7a7c367293b33ffe50d20cfc153c77291395e7d224c2b0e654d17516a2e7da640bc9a4a43ac03659584823ace59a64685366a6684bda615b3ee7a160491bf816b7433e9b7f625ddf220cb65404ef5b24c796c8e97c80ef2e65189fa3cb5b2ff3d12dbfccd616e3b2d61537e160a88157a57d743042ba2d93665340d4f604fddbe46038e4664287ef60c068b45b912e6fcf141f4f92ef7bb37ffdbda485558dc42bc097dbb77e03772238169607ef4e401096a829c0a263eda33729d99b08ccf546abe839db0e6f0297ca7066841faeb80d5002f62472634fb225810980abad9c824b6947b14757d2bac0048ad024fc5e154ae172b69d5ee64a02f6225a63231ffb4f325c957f3045995b8f8638a6f1787644f992d960c6cbedd911dc32acbc7ebe50ce8ed8848ab61d08b33ef7d537e47fed4d3e05c59af3ece85243b150d49d9279b36316b4cfe7b1eb3ac8c5fb016e3404d998b484095db8b1a612b26e264980fb83310e8f31911d0c9b03f9551a651bf6dfbf2d1a83148104cfb6d2d00cccb6fb3b292d816d72cb5ae60ec1987b60ddadfedc54492b42dc448a592048d2ec94e19c4ecffa28dc204af89ba4b97179b311ce9463481f8334622ee196b6d931cef7e2fcb85dd8eaf55437bfa5ce6ca9aaee0a2f1c92145b6eefec793e0e7bf9839b7fc8368a833476c74e2ef2256d47d70f0872e8b2ac02f4f7f067da1a4cf9fc03eb4eb4a098d3c58d45eb01f682821cc0a8f1693d65012c30e16223803996224c0bf6a3811cc09474f496cfaa78dcaa66115655ede1e28502dc6daa3e1b719f9e9d1497d229d2d842728e99506d8f05aadabcc58b0572f0961b0b34b951c0e6b180c6f69ede9fd603ecc502398045879636ccdde4de4b1af3cdfa7f0286d78f0472f0928ed1dbb10d44b177fe5aeba29a5bbdf438cedbce715e2ab0f433bfc771dea5220f9f9ad215da9d64b67651775fba570a688ed7fc8b5fa65f1428902fb60e6ca0c1cc3ca78bd75d91599f66721da7f1107dfa864e7a87bb2fd1c7a7d7d7d77832b81c7ec6497a3a5b7eb2bc095dce0f7c4a9005294f3f0b1579cf4b37b7d53a45cdad9884185d5b2978e1208e1ae6fa74f345dc4758a3be59484ca554ec660407a15e7271356204eda0c3e8e2f23c1945686f3cb81ac669d241d97da7ad127d88d2e834f9b7db87686f7c19fd51f4444a6aac3b93320861718d9527ac4310014a3e4de2519ca28b5fc728fa76358c3ae8f2cfd1693476eb3bd020194d22b7840c2ed0719275513c2f28292620da91220c499139b53a89cf9fa37f7081ac86cc465964382bac2f0a6b698290026373fa72635a78905c4cf754fef0ea03e8c50083dd2597711a4dcebe46e8e58e4b0219117265215526c272ceb4ce155aa6bf2ff8d2aacd5feec50d5addff0387150ba50a656e6473747265616d0a656e646f626a0a312030206f626a0a3c3c202f54797065202f5061676573202f4b696473205b203620302052205d202f436f756e742031203e3e0a656e646f626a0a332030206f626a0a3c3c2f54797065202f466f6e74202f53756274797065202f5479706531202f42617365466f6e74202f48656c766574696361202f4e616d65202f4631202f456e636f64696e67202f57696e416e7369456e636f64696e67203e3e0a656e646f626a0a342030206f626a0a3c3c2f54797065202f466f6e74202f53756274797065202f5479706531202f42617365466f6e74202f48656c7665746963612d426f6c64202f4e616d65202f4632202f456e636f64696e67202f57696e416e7369456e636f64696e67203e3e0a656e646f626a0a382030206f626a0a3c3c2f54797065202f584f626a656374202f53756274797065202f496d616765202f576964746820323433202f486569676874203434202f436f6c6f725370616365205b2f49434342617365642039203020525d202f42697473506572436f6d706f6e656e742038202f46696c746572202f4443544465636f6465202f4c656e677468203230383339203e3e2073747265616d0affd8ffe10f2045786966000049492a00080000000c0000010300010000000901000001010300010000002c00000002010300030000009e0000000601030001000000020000001201030001000000010000001501030001000000030000001a01050001000000a40000001b01050001000000ac000000280103000100000002000000310102001e000000b40000003201020014000000d20000006987040001000000e80000002001000008000800080080fc0a001027000080fc0a001027000041646f62652050686f746f73686f7020435336202857696e646f77732900323031333a30373a30312031353a31313a3333000000040000900700040000003032323101a0030001000000ffff000002a0040001000000f300000003a00400010000002c00000000000000000006000301030001000000060000001a010500010000006e0100001b010500010000007601000028010300010000000200000001020400010000007e01000002020400010000009a0d00000000000048000000010000004800000001000000ffd8ffe202404943435f50524f46494c450001010000023041444245021000006d6e74725247422058595a2007cf00060003000000000000616373704150504c000000006e6f6e65000000000000000000000000000000000000f6d6000100000000d32d4144424500000000000000000000000000000000000000000000000000000000000000000000000000000000000000000000000a63707274000000fc0000003264657363000001300000006b777470740000019c00000014626b7074000001b00000001472545243000001c40000000e67545243000001d40000000e62545243000001e40000000e7258595a000001f4000000146758595a00000208000000146258595a0000021c000000147465787400000000436f7079726967687420313939392041646f62652053797374656d7320496e636f72706f726174656400000064657363000000000000001141646f62652052474220283139393829000000000000000000000000000000000000000000000000000000000000000000000000000000000000000000000000000000000000000000000000000000000000000000000000000000000000000058595a20000000000000f35100010000000116cc58595a200000000000000000000000000000000063757276000000000000000102330000637572760000000000000001023300006375727600000000000000010233000058595a200000000000009c1800004fa5000004fc58595a20000000000000348d0000a02c00000f9558595a2000000000000026310000102f0000be9cffed000c41646f62655f434d0002ffee000e41646f626500648000000001ffdb0084000c08080809080c09090c110b0a0b11150f0c0c0f1518131315131318110c0c0c0c0c0c110c0c0c0c0c0c0c0c0c0c0c0c0c0c0c0c0c0c0c0c0c0c0c0c0c0c0c0c010d0b0b0d0e0d100e0e10140e0e0e14140e0e0e0e14110c0c0c0c0c11110c0c0c0c0c0c110c0c0c0c0c0c0c0c0c0c0c0c0c0c0c0c0c0c0c0c0c0c0c0c0c0c0c0cffc0001108001d00a003012200021101031101ffdd0004000affc4013f0000010501010101010100000000000000030001020405060708090a0b0100010501010101010100000000000000010002030405060708090a0b1000010401030204020507060805030c33010002110304211231054151611322718132061491a1b14223241552c16233347282d14307259253f0e1f163733516a2b283264493546445c2a3743617d255e265f2b384c3d375e3f3462794a485b495c4d4e4f4a5b5c5d5e5f55666768696a6b6c6d6e6f637475767778797a7b7c7d7e7f711000202010204040304050607070605350100021103213112044151617122130532819114a1b14223c152d1f0332462e1728292435315637334f1250616a2b283072635c2d2449354a317644555367465e2f2b384c3d375e3f34694a485b495c4d4e4f4a5b5c5d5e5f55666768696a6b6c6d6e6f62737475767778797a7b7c7ffda000c03010002110311003f003fd7fea7977f5a7f4e758462620616d43405ef636d75b67efbff0049b19fe8d613fa5753af0c67d98b6b311c1a45ee690c871db5ba7f96e77b55afadf71bbeb17537f7166cff00b6d8cabfef8bd4e9c3a2ce974e1e456db69f46b63ea780e690d6b796bbe0b5a7cc1e5b172f18c41128dcff00e6df0ff7b89cc8601cc64cf2948fa4d43fe755be75f567af752e9f83d4eaa6c9aa9c576452d7fb832ddf5d2d7560feff00adbbd3fa1bd62d54f50ea794e1536dcccbb65ef897bdd1f4dee2bbff00addd33a5f4dfab798ec2c5ab1acbcd3539d5b43491eab1db647f55637f8b5ac9ead976f666306fcdcf1ffa4d2867030e6e6610119190001d7fcdc7f478552c04e5c5cbca4651113b69fbd2feb3cc3d99dd372e1c2cc4cca0870fcd7b491b9aeff356cfd70cfc8ce7f49b7223d47f4faae786e837dc5c5c437f37f9a55beb9dbea7d64ea2ff00dd735bfe6575b543eb26e6f5534133f66c7c6a00f0d94d7b9bfe7b9ea78faf26099038bdb94cd78fb7ff007ec12f44334013c3c7188bff000ffef5ecbfc5c64bede8d763b9c4fd9ef218099dac7b5b66d1fc9dfea2e23aef523d53abe566ceeaec796d33fe899fa3a74fe531bea7f6d5ce87d5cf4ee8dd6ab6b80b726baaba477dcf3655639bff00174bb7ac3301a638010e5f0f0e7cf90f59547fc2fd64bfe92ecf9b8b0e180fddb3fe0fa22ecfd6273cb3a3b1ef73dcde99413b8c9979b1ff00f53b1761d25cea3fc5dbac2f3bbec792e6124c89f57d30d5c57d617466d159ff00b4f85895fdd4b2cffd18bb3ce6fd9bfc5bb5bc7ea748f9d8eaff00f26ab66178f948fefc81fb787fefd9f09fd67352fdd047f2ff0015e2feaf97d79975ac25a68c2cbb34d38a2c68ff00a6e6aceaadb31decba9716db490fadc0c10e6fb9baabfd289663f55b469b305ecffb76dc7a7fea5ce59eaf405cf2ded7187fcce2ff00d48d291a862ade8cff00e7ff00e80f5bfe30739b98fe93657fcdd98cec86ff00d74d7ff905977f52ccc7fab381d3aab9ccab29d916dcd04c9636cf46babf934b9edb5ef67f845433730e553835b8c9c4c7f43eeb2db1bff81beb5d237ab744e9df56fa563e76057d4b35d5bae655643432bb2cb1dbdd73996edf53f32b6b156e138f1e08087b928ca47876f978fd5eafefb6788649e69f1f0465188e2dfe6e1f4ffcd79ca7a4f53bf15d994e2db662b438bae6b65a033f9cd7f910b4fea5751ccc5ebd8d8f43cfa198ef4efa89f6b86d73fd4dbfe92bdbed7abb6fd7aac74abba661749af0eab6b7d6dd974b59ea02d7bc54da2bddf4bf7d67fd4a6b47d63c679fa345775a4f806d6f66e3fe7a764965972f9bde8463a1e003d5fddbf54bd4b611c51cf8bda9996dc67fe934fabf52ceeafd4acbaf7bae71b1d5d15b64b5adddb2aaa9ac7ef7fe08839bd33a8e06cfb763598feacecf5046e8fa5b7ef47fab2c36f5de98dee722b79fecfe94ff00d4ae9bfc675937f4eabb06dcff00bcd4dfe09e72987318f97888881859effa5f2ff88b7da13c193348c8cc4a876fd1ddd5fa81d433737a3dacca79b462dbe95363b57166d63f63ddf9fe9ee5d32e63fc5db36fd5e73ffd264d87ee0daffef8ba758fcc57bd92850e396dfde75705fb58ecd9e18fe4ff00ffd0bfd4f07a65dd4b2ef7e207b9d7bcbc0b6c6ee21e5ae3f4dcd6b9f0ba8cff00acd8d5d4dfd9e45d6174383daf6b5ad8f30c587d58637ed0bce1b8edf51dea078d03e7f4be939aef733d4fde6aa7efec5bf30e8fcaafcfda3c072998a1e98cf8ebfe77fdc39f1fbc0e318c40d9d65130ff00beff00a6e9f52ea4deb1d2ada33b198e15df501b5cf689732cb37376b9afdf5edfea7bd37d58b7a3f49b725ceace31b9ac01e0d96ee0d2f96edfd26cd929f18748fd836b5cfb8e4fae3d57bdad167afb7d859531eea7ecbf67fa1fa6fe6bfe1d667bfc5bf71fef4d89c72c52be3863e2e9c7c1fd5fdfc6ba433472c7878273e1d6f838aebd5fb9363d5317a4e566e5663f1378b6c73cc596b0bc13f4a37fb1f6354fabe1f4dbfa9655f66207d8eb4b4edb6c6ee2d3e8b7f3f6ee76dfdd53c518df6ba0e7b9e31458cdeda5b32647a7f687b9fbd98bea6df57d1adfff0009fa1de941fb6b05aef67da59bcedf77f3ade5bbb6fd2fa5ee52d9b3c232e90fd5ff003beafeeff57f9b6311950e238f59feb35c5e98ff005bfe7b50f49e92d2e6bb1002d24126db7483eeff000886ee99d2bd0f51d865b35efda6db660b778fcffce62d0eb029fb6660738fd97d57face68f7866ffd65b5b376cff49b5dbfe82975c03ed99bb1c3d3f7418e06dfcc0d76c77b7f9b4ee29f16d9ab875fe7be7ecb384f09d71df150fe67e4fde43d5f0ba6e4e6db6bb1017ec6323d5b1a4ecad95b5ae87edddb5be9eed8b6faa750e9195d09bd398cf5016d4cfb39f51a1a19b5dfcf37d2dde96cfde547ac0c5fb6138ae76e86fae1e3dbbf6892c735dbb77fa5f6fd3547dfe2dfc5443808c264720200f6c7eb35f97e4ffd76ca7de12cc22212049e2370b8eff37abff4a2f8983d2ebc3ea15b7101f52ba5ae9b2c20875b3b7e9ee6b9be97abf4d471fa3749b28cc030b73a9a997077ab6e837963ff003ff737395ba9b8a3a564063ec766faf57da0bda1ac2ddb67a0da1acb1fb71bf9cf76ef5fd6fe795dfab6289ea7f683a7d9d9bc01a7a7fa6dfab8fd244ca7522065e2e38e9fadfea7cdfd6508faa2252c7c3ed9f57eafe6f5fcbfdd79ff00d95d2bfee2ff00e0b6ff00e4d5acfc3e9991f65dd8800ab1286307ab6486160b995b8b5eddfb3d5fa5b541e1fe93c34823698241988eedddf4bfb4ad6701f681e9381afd2a36ee1063d2ab6fd073bf314849f723fceed2e99aff0043663119fb72fe6fe68f5c355ebdd58fd0fea53e8adf906fa6f7341b2a0fb5c1aefce6ef0cf72d7e9b8ff56707033e9e94d0fb1d458fbbd5dfbdec0d2dd86c7ec7fa5eedbfa3581eff0016fdc568f4018df6bca39647a7f637ef0018f4f733d5f74eeddf47e8b5439a351b94b34b5143271f0dff00871f999b0ca6655c186238657287071557f527268f46c6e8f83d531b2dd8fe936a24fa82cb1db25ae6b5de99759ea73b15cfacafe95d5b2e9b0542f6d55ed16936d6e92e25d5ed0eafdbfd8549e1a1e7d171357e61b043e3f97b1ce6ee5070b088ddb7c4d6d0e7c7fc0b6e7d757abfb9eabfd3521e0f778af2fb9c3a47f59c7c3ff4ff00e731819bdbe1ac7c1c5acef1f0dffd1ff98f5bf556aa2ae874371eaf46bdd690ddc5fafa8f6b9db9feef7b82d654fa3fd8bf65e37d8377d9760f4f7ceffe5fabbbddeaefddeaff00c22b8b3a57c52bbbb377bdf8ba31f9456ba0d9ffd9ffed16b450686f746f73686f7020332e30003842494d040400000000000f1c015a00031b25471c02000002ce96003842494d042500000000001077cb371fa38109f0ad16b2685700776d3842494d043a0000000000ef000000100000000100000000000b7072696e744f7574707574000000050000000050737453626f6f6c0100000000496e7465656e756d00000000496e746500000000496d67200000000f7072696e745369787465656e426974626f6f6c000000000b7072696e7465724e616d65544558540000000100000000000f7072696e7450726f6f6653657475704f626a63000000110041006a0075007300740065002000640065002000700072007500650062006100000000000a70726f6f6653657475700000000100000000426c746e656e756d0000000c6275696c74696e50726f6f660000000970726f6f66434d594b003842494d043b00000000022d00000010000000010000000000127072696e744f75747075744f7074696f6e7300000017000000004370746e626f6f6c0000000000436c6272626f6f6c00000000005267734d626f6f6c000000000043726e43626f6f6c0000000000436e7443626f6f6c00000000004c626c73626f6f6c00000000004e677476626f6f6c0000000000456d6c44626f6f6c0000000000496e7472626f6f6c000000000042636b674f626a630000000100000000000052474243000000030000000052642020646f7562406fe000000000000000000047726e20646f7562406fe0000000000000000000426c2020646f7562406fe000000000000000000042726454556e744623526c74000000000000000000000000426c6420556e744623526c7400000000000000000000000052736c74556e74462350786c40520000000000000000000a766563746f7244617461626f6f6c010000000050675073656e756d00000000506750730000000050675043000000004c656674556e744623526c74000000000000000000000000546f7020556e744623526c7400000000000000000000000053636c20556e74462350726340590000000000000000001063726f705768656e5072696e74696e67626f6f6c000000000e63726f7052656374426f74746f6d6c6f6e67000000000000000c63726f70526563744c6566746c6f6e67000000000000000d63726f705265637452696768746c6f6e67000000000000000b63726f7052656374546f706c6f6e6700000000003842494d03ed000000000010004800000001000200480000000100023842494d042600000000000e000000000000000000003f8000003842494d040d0000000000040000001e3842494d04190000000000040000001e3842494d03f3000000000009000000000000000001003842494d271000000000000a000100000000000000023842494d03f5000000000048002f66660001006c66660006000000000001002f6666000100a1999a0006000000000001003200000001005a00000006000000000001003500000001002d000000060000000000013842494d03f80000000000700000ffffffffffffffffffffffffffffffffffffffffffff03e800000000ffffffffffffffffffffffffffffffffffffffffffff03e800000000ffffffffffffffffffffffffffffffffffffffffffff03e800000000ffffffffffffffffffffffffffffffffffffffffffff03e800003842494d0408000000000010000000010000024000000240000000003842494d041e000000000004000000003842494d041a00000000033d0000000600000000000000000000002c000000f300000004006c006f0067006f0000000100000000000000000000000000000000000000010000000000000000000000f30000002c00000000000000000000000000000000010000000000000000000000000000000000000010000000010000000000006e756c6c0000000200000006626f756e64734f626a6300000001000000000000526374310000000400000000546f70206c6f6e6700000000000000004c6566746c6f6e67000000000000000042746f6d6c6f6e670000002c00000000526768746c6f6e67000000f300000006736c69636573566c4c73000000014f626a6300000001000000000005736c6963650000001200000007736c69636549446c6f6e67000000000000000767726f757049446c6f6e6700000000000000066f726967696e656e756d0000000c45536c6963654f726967696e0000000d6175746f47656e6572617465640000000054797065656e756d0000000a45536c6963655479706500000000496d672000000006626f756e64734f626a6300000001000000000000526374310000000400000000546f70206c6f6e6700000000000000004c6566746c6f6e67000000000000000042746f6d6c6f6e670000002c00000000526768746c6f6e67000000f30000000375726c54455854000000010000000000006e756c6c54455854000000010000000000004d7367655445585400000001000000000006616c74546167544558540000000100000000000e63656c6c54657874497348544d4c626f6f6c010000000863656c6c546578745445585400000001000000000009686f727a416c69676e656e756d0000000f45536c696365486f727a416c69676e0000000764656661756c740000000976657274416c69676e656e756d0000000f45536c69636556657274416c69676e0000000764656661756c740000000b6267436f6c6f7254797065656e756d0000001145536c6963654247436f6c6f7254797065000000004e6f6e6500000009746f704f75747365746c6f6e67000000000000000a6c6566744f75747365746c6f6e67000000000000000c626f74746f6d4f75747365746c6f6e67000000000000000b72696768744f75747365746c6f6e6700000000003842494d042800000000000c000000023ff00000000000003842494d041100000000000101003842494d0414000000000004000000023842494d040c000000000db600000001000000a00000001d000001e00000366000000d9a00180001ffd8ffe202404943435f50524f46494c450001010000023041444245021000006d6e74725247422058595a2007cf00060003000000000000616373704150504c000000006e6f6e65000000000000000000000000000000000000f6d6000100000000d32d4144424500000000000000000000000000000000000000000000000000000000000000000000000000000000000000000000000a63707274000000fc0000003264657363000001300000006b777470740000019c00000014626b7074000001b00000001472545243000001c40000000e67545243000001d40000000e62545243000001e40000000e7258595a000001f4000000146758595a00000208000000146258595a0000021c000000147465787400000000436f7079726967687420313939392041646f62652053797374656d7320496e636f72706f726174656400000064657363000000000000001141646f62652052474220283139393829000000000000000000000000000000000000000000000000000000000000000000000000000000000000000000000000000000000000000000000000000000000000000000000000000000000000000058595a20000000000000f35100010000000116cc58595a200000000000000000000000000000000063757276000000000000000102330000637572760000000000000001023300006375727600000000000000010233000058595a200000000000009c1800004fa5000004fc58595a20000000000000348d0000a02c00000f9558595a2000000000000026310000102f0000be9cffed000c41646f62655f434d0002ffee000e41646f626500648000000001ffdb0084000c08080809080c09090c110b0a0b11150f0c0c0f1518131315131318110c0c0c0c0c0c110c0c0c0c0c0c0c0c0c0c0c0c0c0c0c0c0c0c0c0c0c0c0c0c0c0c0c0c010d0b0b0d0e0d100e0e10140e0e0e14140e0e0e0e14110c0c0c0c0c11110c0c0c0c0c0c110c0c0c0c0c0c0c0c0c0c0c0c0c0c0c0c0c0c0c0c0c0c0c0c0c0c0c0cffc0001108001d00a003012200021101031101ffdd0004000affc4013f0000010501010101010100000000000000030001020405060708090a0b0100010501010101010100000000000000010002030405060708090a0b1000010401030204020507060805030c33010002110304211231054151611322718132061491a1b14223241552c16233347282d14307259253f0e1f163733516a2b283264493546445c2a3743617d255e265f2b384c3d375e3f3462794a485b495c4d4e4f4a5b5c5d5e5f55666768696a6b6c6d6e6f637475767778797a7b7c7d7e7f711000202010204040304050607070605350100021103213112044151617122130532819114a1b14223c152d1f0332462e1728292435315637334f1250616a2b283072635c2d2449354a317644555367465e2f2b384c3d375e3f34694a485b495c4d4e4f4a5b5c5d5e5f55666768696a6b6c6d6e6f62737475767778797a7b7c7ffda000c03010002110311003f003fd7fea7977f5a7f4e758462620616d43405ef636d75b67efbff0049b19fe8d613fa5753af0c67d98b6b311c1a45ee690c871db5ba7f96e77b55afadf71bbeb17537f7166cff00b6d8cabfef8bd4e9c3a2ce974e1e456db69f46b63ea780e690d6b796bbe0b5a7cc1e5b172f18c41128dcff00e6df0ff7b89cc8601cc64cf2948fa4d43fe755be75f567af752e9f83d4eaa6c9aa9c576452d7fb832ddf5d2d7560feff00adbbd3fa1bd62d54f50ea794e1536dcccbb65ef897bdd1f4dee2bbff00addd33a5f4dfab798ec2c5ab1acbcd3539d5b43491eab1db647f55637f8b5ac9ead976f666306fcdcf1ffa4d2867030e6e6610119190001d7fcdc7f478552c04e5c5cbca4651113b69fbd2feb3cc3d99dd372e1c2cc4cca0870fcd7b491b9aeff356cfd70cfc8ce7f49b7223d47f4faae786e837dc5c5c437f37f9a55beb9dbea7d64ea2ff00dd735bfe6575b543eb26e6f5534133f66c7c6a00f0d94d7b9bfe7b9ea78faf26099038bdb94cd78fb7ff007ec12f44334013c3c7188bff000ffef5ecbfc5c64bede8d763b9c4fd9ef218099dac7b5b66d1fc9dfea2e23aef523d53abe566ceeaec796d33fe899fa3a74fe531bea7f6d5ce87d5cf4ee8dd6ab6b80b726baaba477dcf3655639bff00174bb7ac3301a638010e5f0f0e7cf90f59547fc2fd64bfe92ecf9b8b0e180fddb3fe0fa22ecfd6273cb3a3b1ef73dcde99413b8c9979b1ff00f53b1761d25cea3fc5dbac2f3bbec792e6124c89f57d30d5c57d617466d159ff00b4f85895fdd4b2cffd18bb3ce6fd9bfc5bb5bc7ea748f9d8eaff00f26ab66178f948fefc81fb787fefd9f09fd67352fdd047f2ff0015e2feaf97d79975ac25a68c2cbb34d38a2c68ff00a6e6aceaadb31decba9716db490fadc0c10e6fb9baabfd289663f55b469b305ecffb76dc7a7fea5ce59eaf405cf2ded7187fcce2ff00d48d291a862ade8cff00e7ff00e80f5bfe30739b98fe93657fcdd98cec86ff00d74d7ff905977f52ccc7fab381d3aab9ccab29d916dcd04c9636cf46babf934b9edb5ef67f845433730e553835b8c9c4c7f43eeb2db1bff81beb5d237ab744e9df56fa563e76057d4b35d5bae655643432bb2cb1dbdd73996edf53f32b6b156e138f1e08087b928ca47876f978fd5eafefb6788649e69f1f0465188e2dfe6e1f4ffcd79ca7a4f53bf15d994e2db662b438bae6b65a033f9cd7f910b4fea5751ccc5ebd8d8f43cfa198ef4efa89f6b86d73fd4dbfe92bdbed7abb6fd7aac74abba661749af0eab6b7d6dd974b59ea02d7bc54da2bddf4bf7d67fd4a6b47d63c679fa345775a4f806d6f66e3fe7a764965972f9bde8463a1e003d5fddbf54bd4b611c51cf8bda9996dc67fe934fabf52ceeafd4acbaf7bae71b1d5d15b64b5adddb2aaa9ac7ef7fe08839bd33a8e06cfb763598feacecf5046e8fa5b7ef47fab2c36f5de98dee722b79fecfe94ff00d4ae9bfc675937f4eabb06dcff00bcd4dfe09e72987318f97888881859effa5f2ff88b7da13c193348c8cc4a876fd1ddd5fa81d433737a3dacca79b462dbe95363b57166d63f63ddf9fe9ee5d32e63fc5db36fd5e73ffd264d87ee0daffef8ba758fcc57bd92850e396dfde75705fb58ecd9e18fe4ff00ffd0bfd4f07a65dd4b2ef7e207b9d7bcbc0b6c6ee21e5ae3f4dcd6b9f0ba8cff00acd8d5d4dfd9e45d6174383daf6b5ad8f30c587d58637ed0bce1b8edf51dea078d03e7f4be939aef733d4fde6aa7efec5bf30e8fcaafcfda3c072998a1e98cf8ebfe77fdc39f1fbc0e318c40d9d65130ff00beff00a6e9f52ea4deb1d2ada33b198e15df501b5cf689732cb37376b9afdf5edfea7bd37d58b7a3f49b725ceace31b9ac01e0d96ee0d2f96edfd26cd929f18748fd836b5cfb8e4fae3d57bdad167afb7d859531eea7ecbf67fa1fa6fe6bfe1d667bfc5bf71fef4d89c72c52be3863e2e9c7c1fd5fdfc6ba433472c7878273e1d6f838aebd5fb9363d5317a4e566e5663f1378b6c73cc596b0bc13f4a37fb1f6354fabe1f4dbfa9655f66207d8eb4b4edb6c6ee2d3e8b7f3f6ee76dfdd53c518df6ba0e7b9e31458cdeda5b32647a7f687b9fbd98bea6df57d1adfff0009fa1de941fb6b05aef67da59bcedf77f3ade5bbb6fd2fa5ee52d9b3c232e90fd5ff003beafeeff57f9b6311950e238f59feb35c5e98ff005bfe7b50f49e92d2e6bb1002d24126db7483eeff000886ee99d2bd0f51d865b35efda6db660b778fcffce62d0eb029fb6660738fd97d57face68f7866ffd65b5b376cff49b5dbfe82975c03ed99bb1c3d3f7418e06dfcc0d76c77b7f9b4ee29f16d9ab875fe7be7ecb384f09d71df150fe67e4fde43d5f0ba6e4e6db6bb1017ec6323d5b1a4ecad95b5ae87edddb5be9eed8b6faa750e9195d09bd398cf5016d4cfb39f51a1a19b5dfcf37d2dde96cfde547ac0c5fb6138ae76e86fae1e3dbbf6892c735dbb77fa5f6fd3547dfe2dfc5443808c264720200f6c7eb35f97e4ffd76ca7de12cc22212049e2370b8eff37abff4a2f8983d2ebc3ea15b7101f52ba5ae9b2c20875b3b7e9ee6b9be97abf4d471fa3749b28cc030b73a9a997077ab6e837963ff003ff737395ba9b8a3a564063ec766faf57da0bda1ac2ddb67a0da1acb1fb71bf9cf76ef5fd6fe795dfab6289ea7f683a7d9d9bc01a7a7fa6dfab8fd244ca7522065e2e38e9fadfea7cdfd6508faa2252c7c3ed9f57eafe6f5fcbfdd79ff00d95d2bfee2ff00e0b6ff00e4d5acfc3e9991f65dd8800ab1286307ab6486160b995b8b5eddfb3d5fa5b541e1fe93c34823698241988eedddf4bfb4ad6701f681e9381afd2a36ee1063d2ab6fd073bf314849f723fceed2e99aff0043663119fb72fe6fe68f5c355ebdd58fd0fea53e8adf906fa6f7341b2a0fb5c1aefce6ef0cf72d7e9b8ff56707033e9e94d0fb1d458fbbd5dfbdec0d2dd86c7ec7fa5eedbfa3581eff0016fdc568f4018df6bca39647a7f637ef0018f4f733d5f74eeddf47e8b5439a351b94b34b5143271f0dff00871f999b0ca6655c186238657287071557f527268f46c6e8f83d531b2dd8fe936a24fa82cb1db25ae6b5de99759ea73b15cfacafe95d5b2e9b0542f6d55ed16936d6e92e25d5ed0eafdbfd8549e1a1e7d171357e61b043e3f97b1ce6ee5070b088ddb7c4d6d0e7c7fc0b6e7d757abfb9eabfd3521e0f778af2fb9c3a47f59c7c3ff4ff00e731819bdbe1ac7c1c5acef1f0dffd1ff98f5bf556aa2ae874371eaf46bdd690ddc5fafa8f6b9db9feef7b82d654fa3fd8bf65e37d8377d9760f4f7ceffe5fabbbddeaefddeaff00c22b8b3a57c52bbbb377bdf8ba31f9456ba0d9ffd93842494d042100000000005500000001010000000f00410064006f00620065002000500068006f0074006f00730068006f00700000001300410064006f00620065002000500068006f0074006f00730068006f0070002000430053003600000001003842494d04060000000000070005010100010100ffe10dbd687474703a2f2f6e732e61646f62652e636f6d2f7861702f312e302f003c3f787061636b657420626567696e3d22efbbbf222069643d2257354d304d7043656869487a7265537a4e54637a6b633964223f3e203c783a786d706d65746120786d6c6e733a783d2261646f62653a6e733a6d6574612f2220783a786d70746b3d2241646f626520584d5020436f726520352e332d633031312036362e3134353636312c20323031322f30322f30362d31343a35363a32372020202020202020223e203c7264663a52444620786d6c6e733a7264663d22687474703a2f2f7777772e77332e6f72672f313939392f30322f32322d7264662d73796e7461782d6e7323223e203c7264663a4465736372697074696f6e207264663a61626f75743d222220786d6c6e733a786d704d4d3d22687474703a2f2f6e732e61646f62652e636f6d2f7861702f312e302f6d6d2f2220786d6c6e733a73745265663d22687474703a2f2f6e732e61646f62652e636f6d2f7861702f312e302f73547970652f5265736f75726365526566232220786d6c6e733a73744576743d22687474703a2f2f6e732e61646f62652e636f6d2f7861702f312e302f73547970652f5265736f757263654576656e74232220786d6c6e733a786d703d22687474703a2f2f6e732e61646f62652e636f6d2f7861702f312e302f2220786d6c6e733a64633d22687474703a2f2f7075726c2e6f72672f64632f656c656d656e74732f312e312f2220786d6c6e733a70686f746f73686f703d22687474703a2f2f6e732e61646f62652e636f6d2f70686f746f73686f702f312e302f2220786d704d4d3a4f726967696e616c446f63756d656e7449443d22786d702e6469643a36354235413044334643443845323131384234454444364130324332324138432220786d704d4d3a446f63756d656e7449443d22786d702e6469643a36313437334536304439303131314532413643304341324533314544433442462220786d704d4d3a496e7374616e636549443d22786d702e6969643a36323432393043303446453245323131423635384243354630463831424238422220786d703a43726561746f72546f6f6c3d2241646f62652050686f746f73686f70204353352057696e646f77732220786d703a437265617465446174653d22323031332d30372d30315431353a30393a30372b30323a30302220786d703a4d6f64696679446174653d22323031332d30372d30315431353a31313a33332b30323a30302220786d703a4d65746164617461446174653d22323031332d30372d30315431353a31313a33332b30323a3030222064633a666f726d61743d22696d6167652f6a706567222070686f746f73686f703a436f6c6f724d6f64653d2233223e203c786d704d4d3a4465726976656446726f6d2073745265663a696e7374616e636549443d22786d702e6969643a3637423541304433464344384532313138423445444436413032433232413843222073745265663a646f63756d656e7449443d22786d702e6469643a3635423541304433464344384532313138423445444436413032433232413843222f3e203c786d704d4d3a486973746f72793e203c7264663a5365713e203c7264663a6c692073744576743a616374696f6e3d227361766564222073744576743a696e7374616e636549443d22786d702e6969643a3632343239304330344645324532313142363538424335463046383142423842222073744576743a7768656e3d22323031332d30372d30315431353a31313a33332b30323a3030222073744576743a736f6674776172654167656e743d2241646f62652050686f746f73686f7020435336202857696e646f777329222073744576743a6368616e6765643d222f222f3e203c2f7264663a5365713e203c2f786d704d4d3a486973746f72793e203c2f7264663a4465736372697074696f6e3e203c2f7264663a5244463e203c2f783a786d706d6574613e2020202020202020202020202020202020202020202020202020202020202020202020202020202020202020202020202020202020202020202020202020202020202020202020202020202020202020202020202020202020202020202020202020202020202020202020202020202020202020202020202020202020202020202020202020202020202020202020202020202020202020202020202020202020202020202020202020202020202020202020202020202020202020202020202020202020202020202020202020202020202020202020202020202020202020202020202020202020202020202020202020202020202020202020202020202020202020202020202020202020202020202020202020202020202020202020202020202020202020202020202020202020202020202020202020202020202020202020202020202020202020202020202020202020202020202020202020202020202020202020202020202020202020202020202020202020202020202020202020202020202020202020202020202020202020202020202020202020202020202020202020202020202020202020202020202020202020202020202020202020202020202020202020202020202020202020202020202020202020202020202020202020202020202020202020202020202020202020202020202020202020202020202020202020202020202020202020202020202020202020202020202020202020202020202020202020202020202020202020202020202020202020202020202020202020202020202020202020202020202020202020202020202020202020202020202020202020202020202020202020202020202020202020202020202020202020202020202020202020202020202020202020202020202020202020202020202020202020202020202020202020202020202020202020202020202020202020202020202020202020202020202020202020202020202020202020202020202020202020202020202020202020202020202020202020202020202020202020202020202020202020202020202020202020202020202020202020202020202020202020202020202020202020202020202020202020202020202020202020202020202020202020202020202020202020202020202020202020202020202020202020202020202020202020202020202020202020202020202020202020202020202020202020202020202020202020202020202020202020202020202020202020202020202020202020202020202020202020202020202020202020202020202020202020202020202020202020202020202020202020202020202020202020202020202020202020202020202020202020202020202020202020202020202020202020202020202020202020202020202020202020202020202020202020202020202020202020202020202020202020202020202020202020202020202020202020202020202020202020202020202020202020202020202020202020202020202020202020202020202020202020202020202020202020202020202020202020202020202020202020202020202020202020202020202020202020202020202020202020202020202020202020202020202020202020202020202020202020202020202020202020202020202020202020202020202020202020202020202020202020202020202020202020202020202020202020202020202020202020202020202020202020202020202020202020202020202020202020202020202020202020202020202020202020202020202020202020202020202020202020202020202020202020202020202020202020202020202020202020202020202020202020202020202020202020202020202020202020202020202020202020202020202020202020202020202020202020202020202020202020202020202020202020202020202020202020202020202020202020202020202020202020202020202020202020202020202020202020202020202020202020202020202020202020202020202020202020202020202020202020202020202020202020202020202020202020202020202020202020202020202020202020202020202020202020202020202020202020202020202020202020202020202020202020202020202020202020202020202020202020202020202020202020202020202020202020202020202020202020202020202020202020202020202020202020202020202020202020202020202020202020202020202020202020202020202020202020202020202020202020202020202020202020202020202020202020202020202020202020202020202020202020202020202020202020202020202020202020202020202020202020202020202020202020202020202020202020202020202020202020202020202020202020202020202020202020202020202020202020202020202020202020202020202020202020202020202020202020202020202020202020202020202020202020202020202020202020202020202020202020202020202020202020202020202020202020202020202020202020202020202020202020202020202020202020202020202020202020202020202020202020202020202020202020202020202020202020202020202020202020202020202020202020202020202020202020202020202020202020202020202020202020202020202020202020202020202020202020202020202020202020202020202020203c3f787061636b657420656e643d2277223f3effee002141646f62650064400000000103001003020306000000000000000000000000ffdb008400040303030303040303040604030406070504040507080606070606080a0809090909080a0a0c0c0c0c0c0a0c0c0c0c0c0c0c0c0c0c0c0c0c0c0c0c0c0c0c0c0c010405050807080f0a0a0f140e0e0e14140e0e0e0e14110c0c0c0c0c11110c0c0c0c0c0c110c0c0c0c0c0c0c0c0c0c0c0c0c0c0c0c0c0c0c0c0c0c0c0c0c0c0c0cffc2001108002c00f303011100021101031101ffc400e50000010403010100000000000000000000070005060802040903010100020301010100000000000000000000050600030704020110000006010304020300020300000000000102030405060700121310111408151623242521172232181100010302040303050b0a020b000000000102030411050021121331140641221510516171328191a1427223333444a41620d15262824394d43507b1c192c2d253738393246425361200010203010b09070304030100000000010002111203211031415171a12232425213618191c1d16292b2c220b17282a2d204f0e223f1f23343e1c3d314ffda000c030101021103110000003a37a952bd373a5210978f160394acaf29aa43aa537454d089781396f51dd399fb7e3472467305b829f4f70eda7989bd61c47556318b62ddfac635ba0bb3e4962b3e78aefa0a4633e10001db06acc94f348cf9484a5b60e83e4fa967229294e9d9ac33cd8785b600c9912c6c20264b0ca8870442ea630c202480cd5815f3b4f746402f25b60c0f85e92643aaf33373c6094a4ce356d58b0484ed5f1f52ac466ba079fdfaf57535c1bd54b6289b5727590393ac0ccab9d36c775ace45250ad672b942f9eb9a8ceca4e69edd8cd96cd74482b42cc367c16b82b3a0b252eabd8f4c8a282833c5fbf9afae6fa0f38767c8496a8cc346c59781bdad1d545bace5fc34e0ad19ede2f21a424f6d24355677ce8e7019b0fd20ca35152292a0bea0cf97988b7c3d7a3ebe54b7a45b1c8af834655967aad821a0bf7cfa5f6636553c067753ef9b2400f53c744b9e0e231eb3c321319b3c7db2daac6ef1749797b0b0ba781ae694505868d4243a0d6576f141bd48a4ab1a1660df6d58fbadc97d9d918d537f9fab52fe6f60ac2d0484c9a9b9a793bbc8eaeb88263d22e0b7fc58c5cdd729fbe644becf036d48f21c55dbab8f53efc72aec94816585b12b79fdf9e765522596db30b4d8a45206cc03091a03f3cfab12a4eb013cb835222f1a7a0d214e078a0824f8b70e2ef1b9c5e382cb6035994f19094bccec06014f829f849904c74dff007b3859eca948410a7a45efc070b84f9e7dd9052742178f6a4527ffda0008010200010500aec626e4dd271826e1bd762931274b2c7a62941a5c6cad89772346e2e1621408510dd36f0fb10d10a052c67fce434a34e37ba8d8d4ddbb00edd26d826e1bd762d35facf304d743ad58bd9ad99e2a8122a6ce82afac6dd642109b59591f2e92f5970b2c4b39f6b4669f1a1654f733ab34dcae9a06e989736d66d49bd6d4007757524d7b4a88f6d43cda2d492d3e0b92b6f1755c4b1b6b3ac936b3b33c5510ad3b5d55a70fb5975ae93b32b61ff2748f2ed6d633ee7b552f66d650de5d4b27bda42b5f1daea2c3748d84dd98c51373b11ec158ee2dbb87774db916747d8942c1f921f5f61a691adda8d8950232802ed636b3f75ea45ff3643f667d639d3d49bccb859559b3251c03960a37023d902964153aae221cbb4907ee5d2ae0d23205033e7ea914937e42f9f21a8e72ecaacc3c7674230ca15c2d22fc138972f126eb4a3c239f3e434f5fbe14239d3d49bb9b03c40ff6a75a78f5574a3276f93425d75555e1177291269dba512eac4c02828d925053488984c2a5ee530180cd113090852018c0a3e786da84729bdbca2dd228e03a51222809b649319154a44238bd9bcba825704381cb286ecd9a0764546c9283e121a984134cad4c5324a3649414d22a6136a9447ac7793afdfd1be43b1f76e61e671fefe96f3f647f3723bf338a37cae373cfe4ff00434db9797f7f5fbfa7fcfc8dfcde27dcbcad7cde27fe5f127e76dfdfd7efea4bc8d47795dbf7f46f90ec7efdfaff00ffda00080103000105009f925100e90cf4e82f3f26a0a9d2baf942ab30a828f2aeaf651e3906e888888ffd619aa7bd6d7711d3fee9b1d15dee63a91913b769d219ea882f3f26a223d215f2882fd6cbdbcbaeb34d63ca42957233af2e92d2e7deeebcc91511b1a08a47ae1373a72a028ad79412bcb33ada4d3a110898c2899d3d538d0d4d1ff16a39d00c6ea5211670ac5c10a07b1344924230a22eac4a6e775c6892c3626a82494327bde759e308bdab9476f47bd85c5793dad2cc23e557cdc66d469c48ea55cf90e752260231810eef650fb1a6ac6000e7b6905f6248137a931342dc7e75ee9d482ee42013133c9bec2f6b09f64ad223aaf9445e75914d91dc4326891077209361692293931928e118e4c89b797233338629b42362368f39b81826749a3050fc11da924da714320d39e54a999b24d63ce7954d999c22c19a8db823b4c9bb115e488c8ee1a4233724facb6d346693523d498997874922213656a63c2a2d415eb205315c24ed6481558ea8c1227003144a247ab900ea18e6290c947302ee712a971b98743a4d10c1a4963a42abb59508b44ca389436e75089019aa84121a1cbddd3d36e5d276b265f9073a8370aaa6785315649dac982ab1d51afa2600eb29e26bf99a2fc6774f6ed91f0797f99a6ff1bc927c1c4cbc0e695f0f95a78de2ff00334f38787f99afe66a3bc7e275f1fcb1fc3c2f3e3f9a3bc2e657e377ff00335fccd4578bda53c3effccd13e33b936edebfffda0008010100010500f6632cce51d9088987588b274d638b2fb2b9926cf25d3d72cb1355ab2fb032bf2f97bd51b0ba61902e7656f4faa3d78ea45e56649f23eb1b61541cd7f98b04f9daafded8df3e261101128e3cbc2d3583b525982c94bc2aa28754fac4b93a731c58fd93cc7355a6a22223ac3394e6f1d595150164ba7b78e08ae49c15438bc817bcabeb3c1ab5a88f5e32a04b670722e72a7ae18b6b790defb298fa9f8fe4b053107f956ef26499b9e0f93345653f6eee00c6bba0505b7ad704dccea72c6e86228dabfabc58eb5872de46b86ffc005c70cddad556c61eb85956b5fb1588a8743a4c1a02ea6fda0762be48c038fe1b215d3d8fc5543a0d5e9cd3cfb6224e347a7b3aecce730fa84d4ca5d7a64a72577913d3d61c55df6f9c8a9907d7f5be3efc22261ad3d34758f365c86f191753ca835c158d9bf977fcbef0b1d8b047b06614d36a6ee1de1e6d78a63b054d648cec6c6f5aff00d239a7571ca37dbfb7c68c4f23903d8b7047198fd3d6227b17b96e0e56988998bec99d73050eb164c83eb7d3a0eb6b5a2f30951520727562c3253b8c6a0fe63d7cadc556e979f2975bb3de71ad0ea3029a98a2aa412e27ad14eb629a9154ff005356f565a1535ee3ac578cab0c2ff96d8c5c9e3d1c4d55d656c7754949e84c2d4f7f1dfea6ade98628aa95fe57c7f569fbb553d728ab88ff00e385f589f0657b19172863caa4edefd6ea842d65bfb1f57af5a5f61cc715b89c85d6e89ac95ba365e521cf2129232ab63c4967f7b390c99e3a7e7221076edd3f7104a81e3e4c04cc2d915f0d3d151679e9ed2c82e4abb670bb372fec53d2883e0e72dd8e27b46188d4a565dd37559b94d2f21f5a54056cb192b250ca7dd2ddac6f72b3bcbad888e093d1b332d0e2fe4a42557c468848647eb9afeb7b7f368797b618fa37d63307d73e73f368dc1dacdf46ff0052b2f13e4336f85f31877e03e357efcccfe99fe9e537f27e6d614fa47d8324789f72c03e071e51f8dfb854bc1fb65abc6fb07e6d7e6d616f0bef59afeb7cff009b46e5db87fe91f54ebfffda0008010202063f00352a5a1875719e5ecc375cf363a982e69c96cbce87e43ed2753bb032c7e2f75dff00e81638401ef60e918f1732a63189bc462a9bf112df17f6a6d31b47faf4041a0400593ff34f7626b8e6b800bc17e43f141bfaf05ce0f7e5e69b4735cab56a5ad6bce8ef124dfe41bb86eb9e6c730170764b61911ad52d0d300de5bf6f4dd75436398221de93fab3d871c6f3e56a6369b8b662756c3a30c3ce89aee7bda45e8cda5f314fa6d6ba2e10b437ee54c7247c44b9358c7968963a265b4938954e238b80221369638e9742031b87b894c6eeb5a3322775c0fa7d49d58de6895bf13bf6f9ae55389bf635543dd39ec4c6e373467b9f90fde7f5bbeeb949c36cb4f3b0dbf48171c2a071739d368c3ac84d140bd841b763cae4e6bdee70949d2336118f2aa87ba73d8a38dc4fb87a5536d3716c668cb65e842d4f0f797365da25da5118f9d543c8074b80f61a719779a5ea54db881cff00d2ed31dc6f94270c41a3347d49c71bfd2d54a9ef3ff6faae541dd27c3a5d49ad37ce93b2bbb0405cfc8762d1cffb53f965f3054877866d2514e71c2f3ee6a82a4f86a38f85cc3ea953dd89a4e642ad5ff1e06eff006357f8fea7fdc89a4d949caef3129cd26d7400e90553f9bcc531b89b1e927ed554fc3ea44632dedeaf618da629cb0b269e6b6dc087165886c34232e1de44b21620e7420500052b077fb53dd521346d9756cb30a029064a49d79a6cca8ce19334ccc9669701d3f0e044914acf8fb54214a0e1dfbcee745c45280f8fb55ea5f5f6aacfa7245ced29a6bf176ac306961e452d5925276269beac09aea7098475b56f1c49c48a5081dfed405214e589d79a6fa5323c39882d1ad2e9117edee58af52fafb53c3c5394820c279adb2c4d6d314e5c134f35a62a57369c61803bee5aace877dca7a8627e96e44c6b0539602119e3cea3565980034232e3daca9c68c9026d9e6f4a0dab24231d09a378ef65f6190c4145cd04a8340013191c312a22f2896827228344026c0c6469e9b7b53cf74a69c421e14ca43688e88feba2e5411b662a0e008516b4029d137c413322691b207bca0e17884ee6f7a60ee8f728b9a095a83a13656804929a5a6220145cd04a83400135a0da231f60f0af618eaad95b39919afe15fc7abdef4ad946f7cbac8f0a13430e2b119e12e147872cb1da427d7889777916ca1c3d65b2b657f2dffa7e54d925961623c5d64d9212e08afe484b1c084258416cad94de3430cb0e647857b96f2d946f66466bfec7ffda0008010302063f0014a9d85c2d7610deefdd8305d6b46abc869196c9b284efc76d8d109bbf101de1b79f25d140dac747e53ad67c58b1e9639aa118e5f0097a93d98c07787fb93aa1d919f65bceeb1126f95f11ff00b3fe131bbce03a4dc8bad3857e3d3c733f3c7fecb9c68ec171f89add2faae52a54cc0b98d8bb69ad80d5e576f6cecdba4db8d68b5af21a5b96c8e5428b2c2e13177218895be1b6eb582d6bc86b865b26cbe6e885d1f00f33bb53dcf6874a05fbda51c1cc9a28b58c7036ece8c0ee8c72a63dce6c1a43ac9b07caaa1e5878747a939ef68719a5d21359018f2a670da1a483196cc9a3d3fa0a3bad27dcdeb4f78bce717788c501bc08cd37a53688beed277c2357c4ef25ca50dfff00d15386f0ccaa3f75ae7740b9f8edc54c1e90dfb6e5561d9047354bdf54d71a699686b58196c764bb1038da8bab48f10b06b79826ba9b034cf0d112d92bb17280a981bc3de88dd681eaf527baa343a58426b75a3839934b181ae9b644b6439399531cb1f089babd8783825f283d6aa1c116f5f6dda84617bbcc503bc49f4fa5371483cce556ae0630fdde9b94c8de19cc13dc0d9195bf0b71723b5be6b9f8ecc7177ebc699f3794aa87ba478b46e340c0c68ceeb9519184e1be26bdaef2ce9adc64046952d7c2edced766cb835fe967da80aae980c83cb04d30886c49e83d6aa11c9e5684f7e3743c23f72a58b4fd09a7103ee875fb0e350d49a36cb24b9d1e14d293b709b06ee0403e36e245ac8c46344c6afd09829c6585936b696960478bc49a0352597ea558b2795c257cd2cd8757c585068e2c49ee2ff6c5a7b97c20c6f1627e05fedfa1516d49e0d6e84b2c61a3ad1c9b2a6a53cc01d79618b670a70a934b66a6b6b0c79f9135a38b1240d8478a6a4d66a4b2deef27b9bc495a439da9368837acbda76aff006fd099271268822324b65b6a79a9c49b0cb24b7b954ed35008c2d2dfb56b3fa5bf6a9698e7da77c49e5fc49a63184908f2457f14d2924e9c238b672268ad3c40b2497d49cea33c610d39718ddc9ec3e61b47a302831c4051792e3ca9ef85f106a208810a56bc803951738c494e9842770864b3ed4c1de09e3199bc56a7d63b2d30cb0ecf7dca661a3281cea2c25a7914af71213602c69894fcbd49c0de713ee01169be0c1379fca53cf78fbd4ac71016bbba53e77170005f4f0e1033152b5c40caa2f25c7953de458610cf1f6071efe086b2daceb6b3a12eae082fe58cd865f57ea2b6b3a108c7bd1950e34658e0de814de1cd3608a1c59a686ce24648f0e0e9b7bbd996d67478ba9faceb6b3adacebf82f61def993a79a68e9654383ab6a74f19b0c17f0c668614669a31e55b59d6d674ee04704d1e7875a1c6d6eeeb416d67435b3a12dec1ec7fffda0008010101063f0085d2fd34b312e57965c764dcd27e7598e93b7a59cb25acd7e738a00ee7788520a944924d4939924f923bd11c53b6598ea1ab95bd4a3b6b42884eb48e0169ec3dbece1ffedd58d4a816b4c7617767d068f49e69943e968119a5b085a750e2bcc2bb9ed7921745cc7172fa6eece169961449315f502a0a6bcc9511de470af7ff004b57533c9595b51de6a1a056a13cab2db2b03cddf4a89f4e1eb16f2841b9c55ad6cd4e82f3246934f3d147178ea795a4b76c8ae3e8428d038e8146dbafebaca53eee245c273aa7e64a716fc87966aa5b8e28a94a27ce49c758b4ec85aa3aa7458b0dbae4d8724b2b7071c92a1abdfc3258596dfd69da5a4d1495d45083d841c5bb9a595bfcb345d7167324a01249c499cfacadf92eb8f38b57b4a5b8a2a24d3b4938e8cb649796b6245cee521842a8529447d29005731f4e7008342330471070aea790f97ae16fb5cbe6de554a8bd0da5ea51a67994d7c9d23d3d667d6ddeaf711d59ba151dd8b05a506d09672c94a1dd4aff7694f77bc52a429c71456eac952d6a355294732493c49f247910dd5bb6694e21bb95b893b6e2144275a4700b4f107f6716fe92e9852e0cabd424cf977349d2f222baa5b696daa669528a15a97c40f673cc124d49e27c919b61664582e2fb6c5c2dea51d07714101d47e8ad35fda1dd3f14a5b793ecb890b1ea50af96dac20d4b166602f8e4a5c992aa67e8230d5aaf616bb5b0c3925e69b5146b29200048ce99e10eff6deda19bfb1212b710ebee10e46d0b0b4241046ad5a08ad3b73c4054ab216a3224b2b79c53882036870295c09ec18ea424d4b0f35133007d523b51e9979b6f17895d4cd392225bd2db6d30959424adccc93a73c8531d3f17a56298ab9ac48766254ea9ca842db4b674ab8715e7f1bf671d38d9cf6df53bfe836afcf8ea2bbb66adcfb9cc928a1a8d2f3eb58a509ca87cf8e9c900d10e482c39f25c4287f8d316ae8b8ce5245d9e3367241cf958a6884a87996e9d43d2d790e91f5eea66da59238843321597fd318b5c648a976647453d0a7920e2ed3471816992f642a7e663295c3dcf27f6d2dd4cd30e74e390fb63ad0e3ff002bc9fdcce9f7dcefb16f90ec749a8a26732a632a7eb927153c063a16e3d31153320c6b23315c8c17a5c43c5c71c52b4a804d085247b55cb861957f702cca6fa750d39ba9dd0353869a7d83d99e20deba6e0ae25c1db9b50d4b2ead69536e30fb8a14269c5b19e2d91922a5e991d047a14ea41f8311a19395bad106280699575bdd9ff17b70e5bafc95b96d8719521c690a280b51344824674e38b55c3a6a12e25ce54f0c2945d52d2580cb8b50d2a3c7504678b1c4e3bb3e30a7a9d49ff2c36dfe82427de14f2de193c22310984e75c9519b77dcfa4c5e65d3bacc14202bd2b5abf3797ab64a0d5b76f370520d2874994e53e0c5fe7d3e9e62500fc86d38b4440aaa19b3b4bd22868a724c8afbe1230bbe2c02cd9ad93a7b95e1461b0bcf865407b70493551cc9399a9c5a27a15a4c69b1dd2afd543a92af82b8ba5cdb735c088536f819829d98a3492923b16e6b707cbf2748c0d55336f17096139d7e60683e8fdf63a6e352bb93d9cbd093affd5c7573d900ab54a8e2a09facb6591c3e5e093c0678e8a808e31ba62107052945b8fc85d3de29c04d733981e818bdc36d6a4b77686222d29a804890d3b991d9a50a1eee36d3ed2fba3d672c5afa1ba48057563706319735c48535092e3695a4042c10b714921598d090a1ed7b38ff00e9bee16ffe5b11a2756de57708b116a7586034c476c38a1a7514c76db0a501500aaba6aad3ed2b1d3b0db6cba5735a5a92056886d5a89cbb0531d485bae868c464572356a13093f0838ea0b85326e332d57d6a51c7474507b8eb97075429dad2632467fb671d30c015026a5647a10952bfcbf22f17755d6e0c4d75c4b7311b0cbed87186d2c80d9dd41d2128028a15c5f1eb6dc9c9d2dc0d36f34f329656da455493dd5ac1ad7cf88ecdd03cb7a4a54b6d0c202c84a4d2a7529238e1bb5442fb331e076532109485948a9092952b3a626ce8578b9223c9796f252f4561c582e28a8d541e45733fa387a35a672e7b4f4a716f3ae361a5a5d49d2a4100a8654ec385cc93719d16e6c46663be86d865e63404ee23455c6d55eff7b5571d50fc8bccc7d122cf220c86131da6a42589a0b05c68971c4ea05596ac2d66fb35a8e9a92b721b54420675510ff60e3960117d9c4035d4986cf61e22b231a8dfe6b118a929dc7a23274ea2123514bf9e67b063fadcefe0d9fe631d1f674dde6a9d80a9af4794c30d1428495b61d0eb6b71242925b01252aa7b5c716497e3521c94cbaa722c77e321b4bae2507ba14875641a127862f36dbcbd218812d0d34b721e82f856fa149d217dd22a06aafc4d583bf7f9ad47fde3aa86d009476a890f9e033e188a3c567b5361c08915ed0c34ec72843295365b0a71b50aa555556b9e2f4b72f935c970586e525a446690ea51a8a3550b8a0a4e7de1a927bb8feb73bf8367f98c45323a825b2cef3614e390db081558001297d4733964313ee42e93d89652c3129023b0eb5aa2b0db09db3bad909d281ed0ad712516aea75b6fc4d25f6644509584afd93dc716287d78ff00e9d1fc39ff006b0b9bac5cafeef75770712014a3b1281d8317cba3775b8c790fcb779b6d51d97901e42b42b6ceea0e8aa7bba85717c5daee2e4e7df71b44943cc8654de948291dd5ac1a835e38b2b37299321dca1b2e29931da69e60b4f2c03a82d6856aab7950d316a9cdde643d2d8dc723c57e321b0e109a10148757c01af0fc8bda5f494acce90a48564742dc52907d45241c3ae5aa63d096f001e547714d9584f0d5a48ad2b84c8b9cb7663e94e84b8fad4e28241ad01513954e22a60a4bcfdb62ca90e849346d6b6c25a0a3c015674cf0a6dc494b88252b4ab22140d08230635aee3221c7528b85a61d53692b5664d1240a9c2e5cd7972253a6ae3cea8ad6a2050549a9e0298ea69cc8d51d48856dde00e92f25f5beb48570340915a7ab121a4fb4f27653eb74e81fe389304274b746dd47c979b4b9f06aa618b781aa2c061ebbcfa7fbb8892a6927e5382a3e4793a65e52498eec4754973e2971521c52c0f5029c3532238a665b07532f364a5682411549198c8e396b95ca4cb8fa82f69e756b46a1c0d0922b866dc8aae54f75119865352a595a80500067926a4e2e215c5a5a18e35a6c3696a9ee69c754b2f8f9a72decc25675fa52e957c0ac3d11f1a5e616a69c49ec5209491ef8c5b6280497e7c347670e610a3f0038bc2d39a0cd91a3b3ba1d501f061e76d32dd84e48d3beb8eb53657a0506a2922b4c7f5c9bfc439f9f106d12ee0fcc872da7d6fa2438a7281908a14ea2699ab17312d05b90653ca710ae20a9655f0d70ef854d7e16f905ee5dc537aca450156922b418126e529d972024203afad4e2824701551396788ca67e7116c89217296904a5b5bba02124f0d440565f9ff218d5bbf8934f7794dbd7b55fdeee77695f67b71f6dfba63bdcfd3b76f92d74f46acab84fe10aef54f89731f5de62bdfdfae7aab85783eff8b57ff61ca6ceceaf4eefc6f3d31f6dfba60789f89f87d4735cb72bbbb7f1b4e8ef70fd1ef79b107f0aff0048de67c3f92d1ab7f6d7edeacaba7557576e20f8b73be1fcd47ddfaad3e953a6ba73a6aa569887e1bafc53976f99a69dbdacf45757c6a79bb31d61e25bfe2fca2bc475e8af25b4aa6ce8eca6af4eac39b1ceecea3b7f54ae9ae5c716be775f8672e9e47569e6b7a869a2996aaf1eca71cb0adbe776ea74d794ad3b31f6dfba6247886f7e34d3ff006be23b74d8ff00c7d1dca57daa77abed62ebe1dcde9df737f46c69dfd475d3733a5717ddae63c4f75ae6f98dba69d03469daca94c4ff0009e6abb879cdad8dbe63e3e9ddcf8f1f4e2c7e2dce6cf3adeceae5b46f50e8d5a33a7ab170f0ce7794de5e9fabf1d4757d277b8f9f1f6dfba63edbf74c239ae67c47927f93ded9dbd1a91b9f459d7d9e386b6b77f12e91b9ca6d7d1f66eee655f37c6c7db7ee983af9fd14ef6df27ae9dba6b957cd863f067d1e7ceeefd6f7ebdfdfaf7b5d78d7f23fffd90a656e6473747265616d0a656e646f626a0a392030206f626a0a3c3c2f4e2033202f416c7465726e617465202f446576696365524742202f46696c746572202f466c6174654465636f6465202f4c656e677468203237393e3e2073747265616d0a789c636060327074717265126060c8cd2b290a72775288888c52603fcfc0c6c0cc000689c9c5058e01013e20765e7e5e2a0306f8768d8111445fd6059985298f17702517149500e93f406c94925a9cccc0c06800646797971400c519e700d92249d960f60610bb2824c819c83e0264f3a543d85740ec2408fb09885d04f40490fd05a43e1dcc66e2009b0361cb80d825a915207b199cf30b2a8b32d3334a140c2d2d2d151c53f2935215822b8b4b52738b153cf392f38b0af28b124b5253806a21ee030341884250886900355a6892e86f8200140f10d6e74070f8328a9d418821407269511994c9c8644c988f30638e040383ff520606963f0831935e0686053a0c0cfc5311626a860c0c02fa0c0cfbe60000c0c64ffd0a656e6473747265616d0a656e646f626a0a322030206f626a0a3c3c202f50726f63536574205b2f504446202f54657874202f496d61676542202f496d61676543202f496d616765495d202f466f6e74203c3c202f4631203320302052202f4632203420302052203e3e202f584f626a656374203c3c202f4931203820302052203e3e203e3e0a656e646f626a0a352030206f626a0a3c3c2f54797065202f416e6e6f74202f53756274797065202f4c696e6b202f52656374205b322e38333530303020312e3030303030302031392e30303530303020322e3135363030305d202f436f6e74656e74732028feff0068007400740070003a002f002f007700770077002e00740063007000640066002e006f0072006729202f50203620302052202f4e4d2028303030312d3030303029202f4d2028443a32303136303531313230323734342b30322730302729202f462034202f426f72646572205b30203020305d202f41203c3c2f53202f555249202f5552492028687474703a2f2f7777772e74637064662e6f7267293e3e202f48202f493e3e0a656e646f626a0a31302030206f626a0a3c3c202f50726f64756365722028feff0054004300500044004600200035002e0039002e0031003700390020005c280068007400740070003a002f002f007700770077002e00740063007000640066002e006f00720067005c2929202f4372656174696f6e446174652028443a32303136303531313230323734342b30322730302729202f4d6f64446174652028443a32303136303531313230323734342b30322730302729202f54726170706564202f46616c7365203e3e0a656e646f626a0a31312030206f626a0a3c3c202f54797065202f4d65746164617461202f53756274797065202f584d4c202f4c656e6774682034323331203e3e2073747265616d0a3c3f787061636b657420626567696e3d22efbbbf222069643d2257354d304d7043656869487a7265537a4e54637a6b633964223f3e0a3c783a786d706d65746120786d6c6e733a783d2261646f62653a6e733a6d6574612f2220783a786d70746b3d2241646f626520584d5020436f726520342e322e312d633034332035322e3337323732382c20323030392f30312f31382d31353a30383a3034223e0a093c7264663a52444620786d6c6e733a7264663d22687474703a2f2f7777772e77332e6f72672f313939392f30322f32322d7264662d73796e7461782d6e7323223e0a09093c7264663a4465736372697074696f6e207264663a61626f75743d222220786d6c6e733a64633d22687474703a2f2f7075726c2e6f72672f64632f656c656d656e74732f312e312f223e0a0909093c64633a666f726d61743e6170706c69636174696f6e2f7064663c2f64633a666f726d61743e0a0909093c64633a7469746c653e0a090909093c7264663a416c743e0a09090909093c7264663a6c6920786d6c3a6c616e673d22782d64656661756c74223e3c2f7264663a6c693e0a090909093c2f7264663a416c743e0a0909093c2f64633a7469746c653e0a0909093c64633a63726561746f723e0a090909093c7264663a5365713e0a09090909093c7264663a6c693e3c2f7264663a6c693e0a090909093c2f7264663a5365713e0a0909093c2f64633a63726561746f723e0a0909093c64633a6465736372697074696f6e3e0a090909093c7264663a416c743e0a09090909093c7264663a6c6920786d6c3a6c616e673d22782d64656661756c74223e3c2f7264663a6c693e0a090909093c2f7264663a416c743e0a0909093c2f64633a6465736372697074696f6e3e0a0909093c64633a7375626a6563743e0a090909093c7264663a4261673e0a09090909093c7264663a6c693e3c2f7264663a6c693e0a090909093c2f7264663a4261673e0a0909093c2f64633a7375626a6563743e0a09093c2f7264663a4465736372697074696f6e3e0a09093c7264663a4465736372697074696f6e207264663a61626f75743d222220786d6c6e733a786d703d22687474703a2f2f6e732e61646f62652e636f6d2f7861702f312e302f223e0a0909093c786d703a437265617465446174653e323031362d30352d31315432303a32373a34342b30323a30303c2f786d703a437265617465446174653e0a0909093c786d703a43726561746f72546f6f6c3e3c2f786d703a43726561746f72546f6f6c3e0a0909093c786d703a4d6f64696679446174653e323031362d30352d31315432303a32373a34342b30323a30303c2f786d703a4d6f64696679446174653e0a0909093c786d703a4d65746164617461446174653e323031362d30352d31315432303a32373a34342b30323a30303c2f786d703a4d65746164617461446174653e0a09093c2f7264663a4465736372697074696f6e3e0a09093c7264663a4465736372697074696f6e207264663a61626f75743d222220786d6c6e733a7064663d22687474703a2f2f6e732e61646f62652e636f6d2f7064662f312e332f223e0a0909093c7064663a4b6579776f7264733e2054435044463c2f7064663a4b6579776f7264733e0a0909093c7064663a50726f64756365723e544350444620352e392e3137392028687474703a2f2f7777772e74637064662e6f7267293c2f7064663a50726f64756365723e0a09093c2f7264663a4465736372697074696f6e3e0a09093c7264663a4465736372697074696f6e207264663a61626f75743d222220786d6c6e733a786d704d4d3d22687474703a2f2f6e732e61646f62652e636f6d2f7861702f312e302f6d6d2f223e0a0909093c786d704d4d3a446f63756d656e7449443e757569643a65313035323538362d363932312d636361322d663964612d3533623164653365393465613c2f786d704d4d3a446f63756d656e7449443e0a0909093c786d704d4d3a496e7374616e636549443e757569643a65313035323538362d363932312d636361322d663964612d3533623164653365393465613c2f786d704d4d3a496e7374616e636549443e0a09093c2f7264663a4465736372697074696f6e3e0a09093c7264663a4465736372697074696f6e207264663a61626f75743d222220786d6c6e733a70646661457874656e73696f6e3d22687474703a2f2f7777772e6169696d2e6f72672f706466612f6e732f657874656e73696f6e2f2220786d6c6e733a70646661536368656d613d22687474703a2f2f7777772e6169696d2e6f72672f706466612f6e732f736368656d61232220786d6c6e733a7064666150726f70657274793d22687474703a2f2f7777772e6169696d2e6f72672f706466612f6e732f70726f706572747923223e0a0909093c70646661457874656e73696f6e3a736368656d61733e0a090909093c7264663a4261673e0a09090909093c7264663a6c69207264663a7061727365547970653d225265736f75726365223e0a0909090909093c70646661536368656d613a6e616d6573706163655552493e687474703a2f2f6e732e61646f62652e636f6d2f7064662f312e332f3c2f70646661536368656d613a6e616d6573706163655552493e0a0909090909093c70646661536368656d613a7072656669783e7064663c2f70646661536368656d613a7072656669783e0a0909090909093c70646661536368656d613a736368656d613e41646f62652050444620536368656d613c2f70646661536368656d613a736368656d613e0a09090909093c2f7264663a6c693e0a09090909093c7264663a6c69207264663a7061727365547970653d225265736f75726365223e0a0909090909093c70646661536368656d613a6e616d6573706163655552493e687474703a2f2f6e732e61646f62652e636f6d2f7861702f312e302f6d6d2f3c2f70646661536368656d613a6e616d6573706163655552493e0a0909090909093c70646661536368656d613a7072656669783e786d704d4d3c2f70646661536368656d613a7072656669783e0a0909090909093c70646661536368656d613a736368656d613e584d50204d65646961204d616e6167656d656e7420536368656d613c2f70646661536368656d613a736368656d613e0a0909090909093c70646661536368656d613a70726f70657274793e0a090909090909093c7264663a5365713e0a09090909090909093c7264663a6c69207264663a7061727365547970653d225265736f75726365223e0a0909090909090909093c7064666150726f70657274793a63617465676f72793e696e7465726e616c3c2f7064666150726f70657274793a63617465676f72793e0a0909090909090909093c7064666150726f70657274793a6465736372697074696f6e3e55554944206261736564206964656e74696669657220666f7220737065636966696320696e6361726e6174696f6e206f66206120646f63756d656e743c2f7064666150726f70657274793a6465736372697074696f6e3e0a0909090909090909093c7064666150726f70657274793a6e616d653e496e7374616e636549443c2f7064666150726f70657274793a6e616d653e0a0909090909090909093c7064666150726f70657274793a76616c7565547970653e5552493c2f7064666150726f70657274793a76616c7565547970653e0a09090909090909093c2f7264663a6c693e0a090909090909093c2f7264663a5365713e0a0909090909093c2f70646661536368656d613a70726f70657274793e0a09090909093c2f7264663a6c693e0a09090909093c7264663a6c69207264663a7061727365547970653d225265736f75726365223e0a0909090909093c70646661536368656d613a6e616d6573706163655552493e687474703a2f2f7777772e6169696d2e6f72672f706466612f6e732f69642f3c2f70646661536368656d613a6e616d6573706163655552493e0a0909090909093c70646661536368656d613a7072656669783e7064666169643c2f70646661536368656d613a7072656669783e0a0909090909093c70646661536368656d613a736368656d613e5044462f4120494420536368656d613c2f70646661536368656d613a736368656d613e0a0909090909093c70646661536368656d613a70726f70657274793e0a090909090909093c7264663a5365713e0a09090909090909093c7264663a6c69207264663a7061727365547970653d225265736f75726365223e0a0909090909090909093c7064666150726f70657274793a63617465676f72793e696e7465726e616c3c2f7064666150726f70657274793a63617465676f72793e0a0909090909090909093c7064666150726f70657274793a6465736372697074696f6e3e50617274206f66205044462f41207374616e646172643c2f7064666150726f70657274793a6465736372697074696f6e3e0a0909090909090909093c7064666150726f70657274793a6e616d653e706172743c2f7064666150726f70657274793a6e616d653e0a0909090909090909093c7064666150726f70657274793a76616c7565547970653e496e74656765723c2f7064666150726f70657274793a76616c7565547970653e0a09090909090909093c2f7264663a6c693e0a09090909090909093c7264663a6c69207264663a7061727365547970653d225265736f75726365223e0a0909090909090909093c7064666150726f70657274793a63617465676f72793e696e7465726e616c3c2f7064666150726f70657274793a63617465676f72793e0a0909090909090909093c7064666150726f70657274793a6465736372697074696f6e3e416d656e646d656e74206f66205044462f41207374616e646172643c2f7064666150726f70657274793a6465736372697074696f6e3e0a0909090909090909093c7064666150726f70657274793a6e616d653e616d643c2f7064666150726f70657274793a6e616d653e0a0909090909090909093c7064666150726f70657274793a76616c7565547970653e546578743c2f7064666150726f70657274793a76616c7565547970653e0a09090909090909093c2f7264663a6c693e0a09090909090909093c7264663a6c69207264663a7061727365547970653d225265736f75726365223e0a0909090909090909093c7064666150726f70657274793a63617465676f72793e696e7465726e616c3c2f7064666150726f70657274793a63617465676f72793e0a0909090909090909093c7064666150726f70657274793a6465736372697074696f6e3e436f6e666f726d616e6365206c6576656c206f66205044462f41207374616e646172643c2f7064666150726f70657274793a6465736372697074696f6e3e0a0909090909090909093c7064666150726f70657274793a6e616d653e636f6e666f726d616e63653c2f7064666150726f70657274793a6e616d653e0a0909090909090909093c7064666150726f70657274793a76616c7565547970653e546578743c2f7064666150726f70657274793a76616c7565547970653e0a09090909090909093c2f7264663a6c693e0a090909090909093c2f7264663a5365713e0a0909090909093c2f70646661536368656d613a70726f70657274793e0a09090909093c2f7264663a6c693e0a090909093c2f7264663a4261673e0a0909093c2f70646661457874656e73696f6e3a736368656d61733e0a09093c2f7264663a4465736372697074696f6e3e0a093c2f7264663a5244463e0a3c2f783a786d706d6574613e0a3c3f787061636b657420656e643d2277223f3e0a656e6473747265616d0a656e646f626a0a31322030206f626a0a3c3c202f54797065202f436174616c6f67202f56657273696f6e202f312e37202f5061676573203120302052202f4e616d6573203c3c203e3e202f566965776572507265666572656e636573203c3c202f446972656374696f6e202f4c3252203e3e202f506167654c61796f7574202f53696e676c6550616765202f506167654d6f6465202f5573654e6f6e65202f4f70656e416374696f6e205b3620302052202f46697448206e756c6c5d202f4d6574616461746120313120302052203e3e0a656e646f626a0a787265660a302031330a303030303030303030302036353533352066200a30303030303033393132203030303030206e200a30303030303235353737203030303030206e200a30303030303033393731203030303030206e200a30303030303034303737203030303030206e200a30303030303235373031203030303030206e200a30303030303030303135203030303030206e200a30303030303030343833203030303030206e200a30303030303034313838203030303030206e200a30303030303235323031203030303030206e200a30303030303235393732203030303030206e200a30303030303236313734203030303030206e200a30303030303330343838203030303030206e200a747261696c65720a3c3c202f53697a65203133202f526f6f7420313220302052202f496e666f20313020302052202f4944205b203c65313035323538363639323163636132663964613533623164653365393465613e203c65313035323538363639323163636132663964613533623164653365393465613e205d203e3e0a7374617274787265660a33303639370a2525454f460a);


CREATE TABLE IF NOT EXISTS `pregunta` (
  `Id_Pregunta` int(8) NOT NULL AUTO_INCREMENT,
  `Enunciado` varchar(350) NOT NULL,
  `Id_Examen` int(11),
  PRIMARY KEY (`Id_Pregunta`),
  KEY `Id_Examen` (`Id_Examen`)
)ENGINE=InnoDB DEFAULT CHARSET=utf8;

INSERT INTO `pregunta` (`Enunciado`, `Id_Examen`) VALUES
('Según el PNS, ¿Cuál de las siguientes situaciones es una acción de interferencia ilícita aplicable para la aviación?', 1),
('¿Cuál de los siguientes organismos regula la seguridad de la aviación en España?', 1),
('¿Qué significa las siglas AESA?', 1),
('¿Qué es el PNS? ', 1),
('Difundir los contenidos relativos a la Seguridad Aérea podría ser sancionado según el artículo 33 de la Ley 21/2003 del 7 de julio', 1),
('¿Qué reglamento europeo establece las medidas para  la aplicación de normas comunes de seguridad aérea?', 1),
('¿Qué instalaciones se consideran partes de un aeropuerto? ', 1),
('¿Cuál de las siguientes zonas NO es una zona del aeropuerto? ', 1),
('¿A quién le está permitido entrar en la zona restringida?', 1),
('¿Cómo sabemos que un trabajador del aeropuerto está debidamente autorizado  en cada zona del aeropuerto?', 1),
('Se encuentra en el área de embarque y observa a un empleado del aeropuerto que lleva la acreditación aeroportuaria con el número situado a la derecha en color Amarillo. ¿Qué haría? ', 1),
('Se encuentra en la plataforma y detecta a una persona con una acreditación de visita sin estar debidamente acompañada “¿Qué haría en esta situación? ', 1),
('¿Cuál es la función del control de seguridad?', 1),
('¿Por qué es necesario inspeccionar a todos los pasajeros cuando acceden a la zona restringida de seguridad?', 1),
('La inspección de pasajeros incluye:', 1),
('¿Qué es lo primero que se debe realizar cuando un pasajero menor de edad es sometido a inspección manual?', 1),
('Un pasajero lleva una botella. ¿Qué es lo primero que deben hacer en un control de seguridad del aeropuerto?', 1),
('Un pasajero puede introducir a la zona restringida de seguridad líquidos o geles de más capacidad de 100ml siempre y cuando sea medicación o bien sea comida para bebes tales como biberones, papillas…', 1),
('Un pasajero durante la inspección, declara que no puede pasar a través del detector de metales de arco debido ', 1),
('Un monopatín se considera como un artículo prohibido', 1),
('Un ordenador se considera como un artículo prohibido', 1),
('Un pasajero indica que es el cónsul de Portugal en España y durante la inspección de equipajes de mano presenta una valija diplomática, ¿Qué haría en esta situación?', 1),
('Los vehículos que acceden a la zona restringida de seguridad también deben llevar una autorización correspondiente para acceder y estar en dicha zona.', 1),
('Se presenta en el control de seguridad un pasajero con movilidad reducida, por este caso, utiliza una silla de ruedas, ¿Cómo procedería?', 1),
('La Inspección de los vehículos incluye el registro de 3 áreas del vehículo seleccionadas aleatoriamente si acceden a una zona crítica o bien 1 área del vehículo si accede a una zona restringida de seguridad.', 1),
('¿Cuál es el principal error cuando se hacen las inspecciones a los vehículos?', 1),
('Cuáles de las siguientes normas son aplicables al correcto uso de la acreditación. ', 1),
('Un pasajero transporta su perro como equipaje de mano, ¿cómo se debe proceder en la inspección en el control de seguridad?', 1),
('¿Con un equipo de detección de trazas de explosivos (ETD), podemos:', 1),
('El registro manual en equipajes consistirá en:', 1),
('La compañía aérea y/o agente de asistencia en tierra para proteger el equipaje de bodega se adoptarán las medidas siguientes:', 1),
('Los suministros se considerarán “suministros del aeropuerto” desde el momento en que sean reconocibles como suministros que vayan a ser vendidos, utilizados o facilitados en las zonas restringidas de seguridad del aeropuerto', 1),
('¿Qué método de inspección se pueden utilizar para inspeccionar las provisiones?', 1),
('¿Quién aprueba los procedimientos específicos locales de inspección de los pasajeros y su equipaje de mano?', 1),
('Si no se consigue determinar si un pasajero transporta o no artículos prohibidos', 1),
('Los pasajeros en espera de embarcar y que ya hayan pasado el control de seguridad', 1),
('Cuando se utilice un arco detector de metales deberán hacerse también inspecciones manuales aleatorias continuas de los pasajeros (PIAC):', 1),
('¿Qué tipo de pasajeros se les considerarán como pasajeros potencialmente conflictivos para el transporte aéreo?', 1),
('¿Cuál de estas opciones NO es correcta cuando un pasajero considerado potencialmente conflictivo es escoltado a su ciudad de origen?', 1),
('La inspección manual del pasajero tiene por objeto:', 1),
('El registro manual incluirá un reconocimiento físico de la parte inferior del cuerpo y prendas de vestir (pantalones o faldas, cinturilla interna y externa, cinturón, bolsillos, dobladillos de pantalones…)', 1),
('¿Puede un pasajero acceder a su equipaje que ha sido facturado?', 1),
('Cuando el pasajero acceda a su equipaje facturado ¿Qué debemos hacer?', 1),
('Cuando se realizan patrullas en el aeropuerto, cual NO es un procedimiento:', 1),
('El alumbrado de un aeropuerto ¿forma parte de la seguridad aeroportuaria?continuas de los pasajeros (PIAC):', 1),
('Relacionado al módulo de “suministros a bordo” ¿Cuándo se considerará que un proveedor es acreditado  para proveer de provisiones a bordo de un avión?', 1),
('¿Qué tipo de inspección se deberá realizar cuando se entren provisiones a la zona restringida de seguridad?', 1),
('Cuando se transporten “provisiones a bordo a un avión” y la empresa proveedora esté ubicada fuera del aeropuerto (por ejemplo las empresas de catering, el vehículo transportará dichas provisiones, siempre con el camión cerrado y precintado desde que sale de las instalaciones hasta que llega al avión que van a proveer, ¿esto es cierto?', 1),
('El 100% de los suministros de un aeropuerto que accedan a la zona restringida de seguridad deben ser inspeccionados', 1),
('¿De quién es responsabilidad de cumplir con procedimientos de la seguridad de la aviación?', 1),
('¿Cual es el objetivo principal de una inspección a través de un equipo de Rayos X ?', 2),
('¿Qué tipo de sustancias se pueden detectar a través de un equipo de rayos X?', 2),
('Para garantizar el correcto funcionamiento del equipo?  el operador que NO  deberá realizar', 2),
('¿Ante una situación anómala, que debería hacer?  ', 2),
('Las sustancias orgánicas como se distinguen en un equipo de Rayos X', 2),
('¿El material explosivo, que clase de sustancia es en un equipo de Rayos X?', 2),
('¿A la hora de detectar artículos prohibidos?, se tendrá en cuenta...', 2),
('¿Qué podemos entender por TIP? ', 2),
('De los siguientes objetos, cual NO es un articulo prohibido', 2),
('¿Cuántos son los componentes mínimos de un artefacto explosivo?', 2),
('La carga explosiva, suele ser explosivo plástico, que tiene unas determinadas características, ¿Cuáles son?', 2),
('Mercancías peligrosas se puede definir, como ...', 2),
('Las mercancías peligrosas deben ir identificadas', 2),
('Dentro de mercancías peligrosas, podemos encontrar ( marcar la errónea)', 2),
('¿ En un equipo de inspección de rayos X, pueden verse objetos que por su composición nos aparezcan opacos?', 2),
('Para ocultar objetos, se puede utilizar', 2),
('¿Qué es un equipo de inspección EDS? ', 2),
('Descarte cual NO es un equipo de inspección de Rayos X', 2),
('¿Cuántos niveles hay en el sistema multinivel?\r\n', 2),
('De un operador de un equipo de inspección de rayos X  se espera que (marcar lo correcto )', 2),
('CUAL ES LA  NECESIDAD DE REALIZAR INSPECCIONES DE SEGURIDAD LA CARGA Y EL CORREO: (MARCAR LA CORRECTA)', 3),
('QUE REGLAMENTO DE LA C.E  ESTABLECE LAS NORMAS COMUNES PARA LA SEGURIDAD DE LA AVIACION CIVIL (MARCAR LA CORRECTA)', 3),
('CUAL ES LA FUNCION DEL DETONADOR EN UN ARTEFACTO EXPLOSIVO (MARCAR LA CORRECTA)', 3),
('EL COLOR VERDE QUE INDICA EN UN OBJETO VISTO A TRAVES DE RAYOS X (MARCAR LA CORRECTA)', 3),
('EL ESTATUS DE SEGURIDAD DEL ENVIO, QUE SERAN DE FORMA UNICA  A TRAVES DE (MARCAR LA CORRECTA)', 3),
('NO DEBERIA INTRODUCIR NINGUNA PARTE DEL CUERPO EN UNA MAQUINA DE RAYOS X PORQUE… (MARCAR LA CORRECTA)', 3),
('LOS VEHICULOS DESTINADOS AL TRANSPORTE DE LOS ENVIOS SE SOMETERAN A: (MARCAR LA CORRECTA)', 3),
('PARA VERIFICAR QUE LA MAQUINA DE RAYOS X FUNCIONA BIEN Y MUESTRA IMÁGENES FIABLES…(MARCAR LA CORRECTA)', 3),
('LOS MATERIALES ORGÁNICOS SON COMPUESTOS QUE CONTIENE CARBONO', 3),
('LOS ARTICULOS OPACOS QUE APARECEN EN LA IMAGEN PUEDEN.. (MARCAR LA CORRECTA)', 3),
('CUAL DE ESTOS ELEMENTOS NO ES COMPONENTE DE UN ARTEFACTO EXPLOSIVO (MARCAR LA CORRECTA)', 3),
('SE PRESENTA UNA ALARMA POR OBJETO OPACO, COMO ACTUARIA (MARCAR LA CORRECTA) ', 3),
('CUAL DE ESTOS MÉTODOS PUEDEN DAR OPACIDAD ', 3),
('CUANDO DECIMOS “ UNA RADIACION ELECTROMAGNETICO, INVISIBLE, CAPAZ DE ATRAVESAR CUERPOS Y DE IMPRIMIR LAS PELICULAS FOTOGRÁFICAS “, NOS REFERIMOS ', 3),
('CON LOS EQUIPOS ACTUALES DE RAYOS X, PODEMOS DISTINGUIR SUSTANCIAS.. (MARCAR LA CORRECTA)', 3),
('CUAL DE ESTOS PROCEDIMIENTOS U OPERACIONES NO ES CORRECTA', 3),
('CUAL DE LOS SIGUIENTES OBJETOS ESTA HECHO DE MATERIAL INORGÁNICO', 3),
('CUANDO LA FORMA DE  ARTICULO NO NOS PERMITE IDENTIFICARLO, LA MEJOR PRACTICA SERIA.. (MARCAR LA CORRECTA)', 3),
('LOS MATERIALES INORGÁNICOS, TALES COM VIDERIO, MINERALES, SAL APARECEN DE COLOR…', 3),
('LA INSPECCION EN CARGA Y CORREO SE HARA A TRAVES DE… ', 3),
('SI EL ENVIO ES UN ANIMAL VIVO QUE METODO DE INSPECCION SE EMPLEARA:', 3),
('TODA COMPAÑÍA AEREA, PROVEEDOR ACREDITADO Y/O PROVEEDOR CONOCIDO DE PROVISIONES DE A BORDO DEBERA', 3),
('DEBIDO A SU NATURALEZA, HAY ARTICULOS EXENTOS DE INSPECCION, INDIQUE CUAL NO ESTA EXENTO', 3),
('UN AGENTE ACREDITADO PUEDE SER…', 3),
('QUE ES LA CSC ?', 3),
('Pregunta Número 50 de Prueba', 1);

CREATE TABLE IF NOT EXISTS `respuesta` (
  `Id_Respuesta` int(10) NOT NULL AUTO_INCREMENT,
  `Es_Correcta` int(1) NOT NULL,
  `Enunciado` varchar(250) NOT NULL,
  `Id_Pregunta` int(8) NOT NULL,
  PRIMARY KEY (`Id_Respuesta`,`Id_Pregunta`),
  KEY `Id_Pregunta` (`Id_Pregunta`)
)ENGINE=InnoDB DEFAULT CHARSET=utf8;


INSERT INTO `respuesta` (`Id_Respuesta`, `Es_Correcta`, `Enunciado`, `Id_Pregunta`) VALUES
(1, 0, 'Toma de rehenes a bordo de aviones o en aeropuertos', 1),
(2, 0, 'Atentados y sabotajes contra instalaciones aeroportuarias y de navegación aérea', 1),
(3, 0, 'Información falsa que comprometa la seguridad de un avión o a la seguridad de los pasajeros, tripulación, personal y público', 1),
(4, 1, 'Todas las respuestas son correctas', 1),
(5, 0, 'Guardia Civil', 2),
(6, 0, 'AENA', 2),
(7, 0, 'Ministerio de Interior', 2),
(8, 1, 'AESA ', 2),
(9, 0, 'Aplicación Estatal de la Seguridad Aérea', 3),
(10, 0, 'Agencia Encargada de la Seguridad Aérea', 3),
(11, 1, 'Agencia Estatal de Seguridad Aérea', 3),
(12, 0, 'Alianza Europea de Seguridad Aérea', 3),
(13, 1, 'Programa Nacional se Seguridad', 4),
(14, 0, 'Plan Nacional de Seguridad', 4),
(15, 0, 'Proyecto Nacional de Seguridad', 4),
(16, 0, 'Procedimientos Nacionales de Seguridad', 4),
(17, 1, 'Sí, siempre', 5),
(18, 0, 'No, Nunca', 5),
(19, 0, 'Solo si se difunde fuera del recinto aeroportuario', 5),
(20, 0, 'Solo si se difunde en medios de difusión de información', 5),
(21, 0, 'Reglamento Europeo (CE) 2320/2002', 6),
(22, 0, 'Reglamento Europeo (CE) 1138/2004', 6),
(23, 0, 'Reglamento Europeo (CE) 334/2007', 6),
(24, 1, 'Reglamento Europeo (CE) 185/2010', 6),
(25, 0, 'Terminales de pasajeros, carga y vuelos privados', 7),
(26, 0, 'Instalaciones de combustible', 7),
(27, 0, 'Navegación aérea', 7),
(28, 1, 'Todas las respuestas son correctas', 7),
(29, 1, 'Zona Permisiva', 8),
(30, 0, 'Zona Crítica', 8),
(31, 0, 'Zona Restringida', 8),
(32, 0, 'Zona Pública', 8),
(33, 0, 'Solo al personal autorizado', 9),
(34, 1, 'Al personal autorizado y a los pasajeros con tarjeta de embarque que pasen la inspección de seguridad', 9),
(35, 0, 'A toda persona que presente una tarjeta de embarque', 9),
(36, 0, 'Sólo a la policía y equipos de emergencia del aeropuerto', 9),
(37, 0, 'No hay ninguna distinción, todos los empleados del aeropuerto pueden estar en todas las zonas del aeropuerto', 10),
(38, 1, 'El color del número situado en la derecha de la acreditación indica la zona donde un empleado tiene autorización de acceso', 10),
(39, 0, 'En la acreditación indica mediante los nombres de cada zona donde este tiene acceso, por ejemplo “plataforma”', 10),
(40, 0, 'El color de fondo de la acreditación indica la zona donde un empleado tiene autorización de acceso', 10),
(41, 0, 'No es sospechoso ya que tiene una acreditación aeroportuaria', 11),
(42, 1, 'Avisaría a seguridad ya que el color amarillo solo le da autorización para acceder a la plataforma y zona pública', 11),
(43, 0, 'No haría nada debido a que una acreditación con el color amarillo puede estar en el área de embarque.', 11),
(44, 0, 'Preguntaría al empleado el motivo de estar en el área de embarque, si fuera un motivo justificado no avisaría a seguridad.', 11),
(45, 0, 'Nada ya que tiene una acreditación emitida por el aeropuerto', 12),
(46, 1, 'Informaría lo antes posible a la Guardia Civil, Seguridad Privada o bien llamaría a la oficina de seguridad del aeropuerto', 12),
(47, 0, 'Llamaría a la empresa que está visitando para que acuda alguna persona para que le acompañe', 12),
(48, 0, 'Dejaría lo que estuviera haciendo y le acompañaría fuera de la zona restringida de seguridad', 12),
(49, 0, 'Entregar a los pasajeros las tarjetas de embarque', 13),
(50, 0, 'Impedir la introducción de objetos prohibidos en la zona restringida de seguridad', 13),
(51, 0, 'Comprobar que los pasaportes están sellados correctamente.', 13),
(52, 1, 'Impedir la introducción de objetos prohibidos y controlar el acceso autorizado de personas a la zona restringida de seguridad', 13),
(53, 0, 'En realidad no es necesario inspeccionar a todos los pasajeros, ya que solo las personas sospechosas deberían pasar por el procedimiento de inspección.', 14),
(54, 1, 'Para establecer un área estéril/limpia', 14),
(55, 0, 'Para garantizar la igualdad y evitar discriminaciones', 14),
(56, 0, 'Para establecer un área estéril/limpia aunque no es necesario inspeccionar a todos los pasajeros ya que los niños y los pasajeros con movilidad reducida están exentos de inspección', 14),
(57, 0, 'Inspección por el arco detector de metales', 15),
(58, 0, 'Inspección manual', 15),
(59, 0, 'Detector de metales manual (solamente para apoyo)', 15),
(60, 1, 'Todas las respuestas son correctas', 15),
(61, 0, 'Informar al pasajero en todo momento y detalladamente el proceso de inspección manual', 16),
(62, 0, 'Informar del proceso de inspección y realizar la inspección en un lugar privado', 16),
(63, 1, 'Solicitar autorización a los padres o a los tutores', 16),
(64, 1, 'Solicitar permiso al pasajero para proceder con la inspección', 16),
(65, 0, 'Pesar y abrir la botella, ya que podría contener explosivo liquido', 17),
(66, 0, 'Comprobar únicamente las botellas con forma inusual o contenido sospechoso', 17),
(67, 0, 'Ministerio de Interior', 17),
(68, 1, 'No se considera como artículo prohibido', 17),
(69, 1, 'Sí, siempre  ', 18),
(70, 0, 'No, falso', 18),
(71, 0, 'No, si esos artículos se pueden adquirir en la ZRS', 18),
(72, 0, 'Sí, solo si los pasajeros muestran el libro de familia y/o recetas', 18),
(73, 0, 'Le informaría la necesidad de ser inspeccionado a través del detector de metales de arco como método obligatorio', 19),
(74, 1, 'Le informaría al pasajero que en este caso, le realizaríamos una inspección manual', 19),
(75, 0, 'Se lo reportaría al jefe de equipo (Seguridad Privada)', 19),
(76, 0, 'Se lo reportaría al supervisor del control de seguridad (Guardia Civil)', 19),
(77, 1, 'Si, si se lleva en equipaje de mano  ', 20),
(78, 0, 'Si, si se lleva en equipaje de bodega', 20),
(79, 0, 'Un monopatín nunca se consideraría como artículo prohibido', 20),
(80, 0, 'No, si está debidamente embalado.', 20),
(81, 0, 'Si, ya que en su interior puede ocultar un artículo prohibido', 21),
(82, 1, 'No, siempre y cuando se inspeccione fuera del equipaje de mano', 21),
(83, 0, 'Si, si se lleva de equipaje de mano', 21),
(84, 0, 'Si, si se lleva en equipaje de bodega', 21),
(85, 0, 'Lo inspeccionaría de la misma manera que el resto de equipaje de mano', 22),
(86, 0, 'Inspeccionaría su equipaje de mano por rayos X y la valija diplomática a través de una inspección manual', 22),
(87, 1, 'Las valija diplomática está exenta de inspección', 22),
(88, 0, 'Las valijas diplomática sería inspeccionada manualmente en lugar privado', 22),
(89, 1, 'Sí, siempre', 23),
(90, 0, 'No, nunca', 23),
(91, 0, 'Sí, excepto para vehículos que accedan esporádicamente', 23),
(92, 0, 'Si, excepto los vehículos de AENA y de Organismos oficiales', 23),
(93, 1, 'Inspeccionaría al pasajero y la silla de ruedas con los métodos aprobados', 24),
(94, 0, 'Inspeccionaría al pasajero pero la silla de ruedas no es necesario', 24),
(95, 0, 'A este tipo de pasajeros, debido a su movilidad reducida nunca les realizaremos el proceso de inspección', 24),
(96, 0, 'Reportaría al supervisor del control de seguridad (Guardia Civil) para que valorara la situación y decidiera cual es el proceso a seguir', 24),
(97, 0, 'Sí, siempre', 25),
(98, 0, 'No, Nunca', 25),
(99, 1, 'Si, excepto los vehículos oficiales de las Fuerzas y Cuerpos  de seguridad del Estado y los vehículos  en situaciones de emergencia', 25),
(100, 0, 'Si, excepto al personal de aduanas autorizado a portar armas', 25),
(101, 0, 'Inspeccionar las autorizaciones de los vehículos y 3 áreas del vehículo', 26),
(102, 1, 'No inspeccionar los vehículos de las Fuerzas y Cuerpos de seguridad del Estado', 26),
(103, 0, 'No haría nada debido a que una acreditación con el color amarillo puede estar en el área de embarque.', 26),
(104, 0, 'No inspeccionar los vehículos en situaciones de emergencia', 26),
(105, 0, 'La acreditación es intransferible. ', 27),
(106, 0, 'Es obligatorio informar en el caso de extravío o robo.', 27),
(107, 0, 'Debemos asegurarnos que las puertas quedan nuevamente cerradas después de nuestro paso.', 27),
(108, 1, 'Todas las respuestas son correctas', 27),
(109, 0, 'Lo animales no necesitan ser inspeccionados', 28),
(110, 1, 'Son inspeccionados como el resto de pasajeros', 28),
(111, 0, 'Los animales son inspeccionados excepto los perros guía', 28),
(112, 0, 'Los animales se deben transportar como equipaje en bodegarestringida de seguridad', 28),
(113, 0, 'Ver el interior del equipaje deberían pasar por el procedimiento de inspección.', 29),
(114, 0, 'Averiguar la procedencia del equipaje', 29),
(115, 0, 'Abrir un equipaje', 29),
(116, 1, 'Complementar un registro manual del equipaje en bodega no acompañado', 29),
(117, 0, 'En una inspección visual del equipaje', 30),
(118, 1, 'En una inspección manual exhaustiva del equipaje, incluido su contenido, con objeto de garantizar suficientemente la inexistencia de artículos prohibidos', 30),
(119, 0, 'En una inspección conjunta con el pasajero del equipaje, incluido su contenido, con objeto de garantizar suficientemente la inexistencia de artículos prohibidos', 30),
(120, 0, 'El registro manual consistirá en abrir el equipaje y visionar la inexistencia de artículos prohibidos', 30),
(121, 1, 'Sí, siempre', 32),
(122, 0, 'No, Nunca', 32),
(123, 0, 'Según el tipo de material', 32),
(124, 0, 'A Criterio del Comité Local de Seguridad', 32),
(125, 0, 'Inspección visual', 33),
(126, 0, 'Inspección manual', 33),
(127, 0, 'Inspección con rayos X', 33),
(128, 1, 'Todas las respuestas son correctas', 33),
(129, 0, 'La autoridad competente, aprobará los procedimientos junto con las fuerzas y cuerpos de seguridad del estado', 34),
(130, 1, 'Los procedimientos específicos locales de inspección de los pasajeros y su equipaje de mano para cada aeropuerto se aprobarán en el ámbito de los Comités Locales de Seguridad y se incorporarán al programa de seguridad de dicho aeropuerto', 34),
(131, 0, 'El Ministerio de Fomento a través de AESA', 34),
(132, 0, 'El responsable de seguridad del aeropuerto', 34),
(133, 1, 'Se le denegará el acceso a la zona restringida de seguridad', 35),
(134, 0, 'Se le preguntará si transporta o no artículos prohibidos', 35),
(135, 0, 'Se le pedirá amablemente, que cambie su billete y utilice otro medio de transporte', 35),
(136, 0, 'Se preguntará a la compañía aérea si se responsabiliza de su pasajero', 35),
(137, 0, 'Se podrán mezclar siempre con los pasajeros de llegada sin importar su procedencia', 36),
(138, 1, 'No se podrán mezclar con los pasajeros de llegada siempre y cuando estos lleguen de un tercer país (no Estado Miembro)', 36),
(139, 0, 'Tienen acceso libre en todas las áreas del aeropuerto', 36),
(140, 0, 'Se les invitará a pasar directamente a la aeronave sin esperas', 36),
(141, 0, 'Al menos el 10% de los pasajeros que han activado la alarma al pasar por el arco detector de metales, una vez que ésta haya sido resuelta.', 37),
(142, 0, 'Al menos el 10% de los pasajeros que no han causado alarma al pasar por el arco detector de metales', 37),
(143, 0, 'Ninguna es correcta', 37),
(144, 1, 'Las opciones A y B son correctas', 37),
(145, 0, 'Artistas, famosos y personajes de la farándula', 38),
(146, 0, 'Pasajeros que por su forma de vestir, actuar nos resulten sospechosos', 38),
(147, 1, 'Pasajeros no admitidos, deportados y/o bajo custodia legal', 38),
(148, 0, 'Todo pasajero quien no sea de nacionalidad española', 38),
(149, 1, 'Su asiento en el avión debe ser siempre en pasillo', 39),
(150, 0, 'No se le debe autorizar beber bebidas alcohólicas', 39),
(151, 0, 'Se mantendrá informado a la tripulación de la actitud del pasajero', 39),
(152, 0, 'Los escoltas decidirán en qué momento del embarque prefieren embarcar', 39),
(153, 0, 'Inspeccionar el cuerpo y las prendas de vestir', 40),
(154, 0, 'Inspeccionar el cuerpo y las prendas de vestir mediante una sistemática exploración', 40),
(155, 0, 'Inspeccionar el cuerpo y las prendas de vestir mediante una sistemática exploración táctil frontal', 40),
(156, 1, 'Inspeccionar el cuerpo y las prendas de vestir mediante una sistemática exploración táctil frontal y posterior', 40),
(157, 1, 'Si', 41),
(158, 0, 'No', 41),
(159, 0, 'A criterio del supervisor', 41),
(160, 0, 'Dependiendo del nivel de amenaza del aeropuerto', 41),
(161, 0, 'Si, siempre', 42),
(162, 0, 'Si, siempre y cuando el equipaje no se haya cargado en el avión', 42),
(163, 0, 'Si, siempre y cuando no retrase el vuelo', 42),
(164, 1, 'Si, siempre y cuando haya una razón suficientemente justificada para ello', 42),
(165, 1, 'Supervisamos que el pasajero no retira del equipaje facturado ningún artículo prohibido', 43),
(166, 0, 'Cooperamos con el pasajero para no retrasar el vuelo', 43),
(167, 0, 'Dirigimos al pasajero a llegadas para que pueda recoger su equipaje y acto seguido lo debe facturar otra vez', 43),
(169, 0, 'Localizamos el equipaje, y con la presencia del pasajero, abre la maleta pero el vigilante de seguridad retira el artículo solicitado por el pasajero sin que el pasajero acceda al contenido de la maleta', 43),
(170, 0, 'Que los trabajadores llevan su acreditación visible en la zona restringida de seguridad', 44),
(171, 0, 'Que los vehículos llevan su autorización visible  ', 44),
(172, 1, 'Controlar que los vehículos no circulen a mas de límite de velocidad establecido', 44),
(173, 0, 'Las área de la terminal de acceso público incluido el parking', 44),
(174, 0, 'Sí, siempre', 45),
(175, 0, 'No, nunca', 45),
(176, 0, 'Si, teniendo en cuenta la luminosidad de la noche', 45),
(177, 1, 'Si, deberá tener alumbrado adecuado, que iluminará especialmente las zonas vulnerables del aeropuerto.  ', 45),
(178, 1, 'Entre otras obligaciones, cuando  tenga designado un responsable de seguridad', 46),
(179, 0, 'Cuando certifique que los productos son de calidad y cumplen con la norma de sanidad e higiene', 46),
(180, 0, 'Cuando la compañía aérea certifique que cumple con los estándares de calidad de la propia compañía aérea', 46),
(181, 0, 'Entre otras obligaciones, cuando sus instalaciones se encuentren dentro del área restringida de seguridad', 46),
(182, 1, 'Comprobación visual, Registro Manual, Rayos X, EDS, ETD', 47),
(183, 0, 'Registro Manual, Rayos X, EDS, ETD', 47),
(184, 0, 'Rayos X, EDS', 47),
(185, 0, 'Solo Rayos X', 47),
(186, 1, 'Correcto, ya que es uno de los controles de seguridad que se aplicará al proveedor acreditado y/o proveedor conocido', 48),
(187, 1, 'No es cierto', 48),
(188, 0, 'Correcto, aunque no se aplica esta necesidad si el conductor confirma que por alguna razón justificada no ha sido precintado', 48),
(189, 0, 'Este procedimiento lo decidirá localmente cada aeropuerto, ya que es un proceso recomendado', 48),
(190, 1, 'Falso, debido a que hasta el 29 de abril del 2012, las Autoridades competentes determinarán, basándose en una evaluación de riesgos, la periodicidad con la que se debe realizar la inspección mediante comprobaciones aleatorias continuas', 49),
(191, 0, 'Correcto, al igual que el equipaje facturado o de mano, los suministros que acceden a la zona restringida de seguridad deben ser inspeccionadas el 100%', 49),
(192, 0, 'Dependiendo que proveedor acreditado, el 100% de inspección será un proceso obligatorio', 49),
(193, 0, 'Los suministros del aeropuerto que accedan a la zona restringida de seguridad no son sometidos a inspección, siempre y cuando sean de un proveedor acreditado', 49),
(194, 1, 'De todos los trabajadores del aeropuerto', 50),
(195, 0, 'De las Fuerzas y Cuerpos de seguridad del estado', 50),
(196, 0, 'De las Fuerzas y Cuerpos de seguridad del estado y compañías aéreas', 50),
(197, 0, 'AENA', 50),
(198, 0, 'Antes de ser embarcado en la aeronave, el equipaje de bodega se mantendrá en la zona destinada a la composición de equipajes o en la otra zona de depósito del aeropuerto a las que sólo tenga acceso el personal autorizado', 31),
(199, 0, 'Se deberá notificar a las fuerzas y cuerpos de seguridad del estado de la presencia de cualquier persona que se encuentre sin autorización', 31),
(200, 0, 'Se controlará nuevamente el equipaje de bodega que no se haya protegido de interferencias no autorizadas', 31),
(201, 1, 'Todas son correctas', 31),
(202, 0, 'Asegurar, que el equipaje de mano sea  objeto de inspección antes de ser embarcado en una aeronave con el fin de impedir que se introduzcan artículos prohibidos en las zonas restringidas de seguridad o a bordo de la aeronave', 51),
(203, 1, 'Asegurar, que todo equipaje, provisiones o suministros sea objeto de inspección antes de ser embarcado en una aeronave con el fin de impedir que se introduzcan artículos prohibidos en las zonas restringidas de seguridad o a bordo de la aeronave', 51),
(204, 0, 'Impedir que se introduzcan en las zonas restringidas o a bordo de las aeronaves cualquier tipo de bebida, alimento o medicamento prohibido', 51),
(205, 0, 'Cumplir la normativa referente a la implantación de medidas de seguridad en los aeropuerto', 51),
(206, 1, 'Orgánicas, inorgánicas, metálicas y opacas', 52),
(207, 0, 'Orgánicas e inorgánicas', 52),
(208, 0, 'Explosivas, incendiantes y detonantes', 52),
(209, 0, 'Todo tipo de sustancias', 52),
(210, 0, 'Comprobar diariamente el estado de la máquina, al inicio de su turno', 53),
(211, 0, 'Siempre debe estar, cuando la máquina esté en funcionamiento', 53),
(212, 1, 'Manipular la máquina y el interior de la misma', 53),
(213, 0, 'Utilizar los mandos de la consola correctamente', 53),
(214, 0, 'Avisar al supervisor', 54),
(215, 0, 'Parar el equipo, abrir la maleta o envase', 54),
(216, 1, 'Avisar al supervisor, pasar de nuevo por los medios de detección el objeto ,y  en caso de duda se procederá a una inspección visual del objeto en cuestión con la supervisión del responsable directo\r\n', 54),
(217, 0, 'Denegar el acceso a la aeronave del objeto', 54),
(218, 0, 'Por su color amarillo', 55),
(219, 0, 'Por su color verde', 55),
(220, 1, 'Por su color naranja', 55),
(221, 0, 'No se distinguen', 55),
(222, 0, 'Opaca', 56),
(223, 0, 'Detonante', 56),
(224, 1, 'Orgánica', 56),
(225, 0, 'Mixta', 56),
(226, 0, 'Que no se revisaran dos o mas bultos juntos y menos superpuestos ', 57),
(227, 0, 'Que se pueden girar los objetos cuando la visualización no esté bien definida o sea nítida', 57),
(228, 0, 'El tipo de maleta o envase que nos aparece en el monitor', 57),
(229, 1, 'Las respuestas A y B son correctas', 57),
(230, 0, 'Un modelo de máquina de inspección de Rayos X', 58),
(231, 0, 'Es un proceso de  introducción  de objetos prohibidos,  dentro del equipaje, suministros etc', 58),
(232, 1, 'Es un  sistema que permite automáticamente poner imágenes de rayos X de objetos peligrosos ficticios \r\nsobre la imagen de los objetos reales que una maleta contiene\r\n', 58),
(233, 0, 'La zona donde se encuentra el objeto prohibido dentro de la maleta, equipaje, etc, ', 58),
(234, 0, 'Navaja', 59),
(235, 0, 'Pistola', 59),
(236, 0, 'Taladro', 59),
(237, 1, 'Abanico', 59),
(238, 0, '4', 60),
(239, 1, '3', 60),
(240, 0, '6', 60),
(241, 0, '2', 60),
(242, 0, 'De color naranja intenso, debido a su alta densidad ', 61),
(243, 0, 'De formas regulares\r\n', 61),
(244, 0, 'De color homogéneo y uniforme\r\n', 61),
(245, 1, 'Todas son correctas\r\n', 61),
(246, 0, 'Todo tipo de explosivos, armas y objetos punzantes', 62),
(247, 0, 'Materia que al contacto con otros elementos altera la estabilidad de sus componentes', 62),
(248, 1, 'Materias u objetos que presentan riesgo para la salud, para la seguridad o que pueden producir daños en el medio ambiente, en las propiedades o a las personas.', 62),
(249, 0, 'Aquella materia que por su composición pueden ser fácilmente detectables en un equipo de inspección de rayos X', 62),
(250, 1, 'Por un distintivo, pegatina etc. ', 63),
(251, 0, 'No, deben de indicarlo  en su documentación', 63),
(252, 0, 'Según al país donde se envíe', 63),
(253, 0, 'Dependiendo de la compañía aérea', 63),
(254, 0, 'Materias Tóxicas', 64),
(255, 0, 'Materias corrosivas', 64),
(256, 1, 'Materias muertas', 64),
(257, 0, 'Materias infecciosas', 64),
(258, 1, 'Si', 65),
(259, 0, 'No', 65),
(260, 0, 'Según el equipo de inspección de rayos X', 65),
(261, 0, 'A veces', 65),
(262, 0, 'Plomo', 66),
(263, 0, 'Metales gruesos y cristalinos', 66),
(264, 0, 'Algunos tipos de cristales', 66),
(265, 1, 'Todas las respuestas son correctas', 66),
(266, 0, 'Es un equipo con la decisión automática de si un determinado equipaje de mano  es o no sospechoso', 67),
(267, 1, 'Es un equipo con la decisión automática de si un determinado equipaje inspeccionado es o no sospechoso.', 67),
(268, 0, 'Es un equipo de inspección de rayos x, con la particularidad de utilizar dos pantallas', 67),
(269, 0, 'Es un equipo de inspección de rayos x, que se encuentra en la plataforma', 67),
(270, 0, 'Equipos de inspección Rayos X', 68),
(271, 1, 'Equipos de inspección de calzados DMC', 68),
(272, 0, 'Equipos de inspección por rayos X ', 68),
(273, 0, 'Equipos de Tomografia', 68),
(274, 0, '4', 69),
(275, 0, '6', 69),
(276, 1, '5', 69),
(277, 0, 'Según el aeropuerto', 69),
(278, 1, 'De su profesionalidad depende la seguridad de pasajeros, tripulaciones aeropuertos etc...', 70),
(279, 0, 'De sus informes se compruebe el nivel de objetos prohibidos que se controlan', 70),
(280, 0, 'De su profesionalidad se reduzcan las esperas en los aeropuerto', 70),
(281, 0, 'De sus informes se cataloguen mas mercancías peligrosas', 70),
(282, 0, 'Evitar la presencia de artefactos explosivos', 71),
(283, 0, 'Evitar la presencia de dispositivos incendiarios', 71),
(284, 0, 'Evitar la presencia de artículos prohibidos', 71),
(285, 1, 'A y B son correctas', 71),
(286, 1, '300/2008', 72),
(287, 0, '204/2010', 72),
(288, 0, '2320/2002', 72),
(289, 0, '1879/2003', 72),
(290, 0, 'Se puede utilizar como carga principal', 73),
(291, 0, 'Hacer estallar el artefacto explosivo a la hora deseada', 73),
(292, 1, 'Hacer estallar la carga principal', 73),
(293, 0, 'Ninguna es correcta', 73),
(294, 0, 'Que es un objeto inorgánico', 74),
(295, 0, 'Que el objeto es impenetrable', 74),
(296, 1, 'Que el objeto es una visualización mixta', 74),
(297, 0, 'Que se trata de un objeto opaco', 74),
(298, 0, 'SPX', 75),
(299, 0, 'SCO', 75),
(300, 1, 'Ambas', 75),
(301, 0, 'Ninguna de las respuestas es correcta', 75),
(302, 0, 'Puede dañar la máquina', 76),
(303, 1, 'La máquina emite radiación peligrosa', 76),
(304, 0, 'Podría animar a los pasajeros a hacerlo también', 76),
(305, 0, 'Por que no se puede pasar sin la autorización del Vigilante', 76),
(306, 0, 'Cerrado o sellado del compartimento de carga cuando este sea de tipo estanco', 77),
(307, 0, 'Ajuste apropiado de los todos laterales mediante cuerdas o cableado de cerradura  TIR para prevenir accesos no autorizados a los envíos, en vehículos de lona', 77),
(308, 0, 'Vigilancia de los envíos durante el transporte , en camiones con plataforma descubierta', 77),
(309, 1, 'Todas son correctas', 77),
(310, 0, 'Se comprueban con pistolas', 78),
(311, 1, 'Se realiza una comprobación de calibración cada vez que se encienda la máquina', 78),
(312, 0, 'El servicio de mantenimiento lo realiza cada hora', 78),
(313, 0, 'Se instala una máquina de rayos cada año', 78),
(314, 1, 'Verdadero ', 79),
(315, 0, 'Falso', 79),
(316, 0, 'El carbono no es un material orgánico', 79),
(317, 0, 'Ninguna de las contestaciones es correcta', 79),
(319, 1, 'Estar ocultando un material explosivo', 80),
(320, 0, 'Estar ocultando material tras ellos', 80),
(321, 0, 'Ser utilizado como arma', 80),
(322, 0, 'Está exento de inspección', 80),
(323, 0, 'La carga explosiva', 81),
(324, 0, 'El detonador', 81),
(325, 1, 'La capsula envolvente', 81),
(326, 0, 'El iniciador o pila', 81),
(327, 1, 'Utilizo otro medio de inspección', 82),
(328, 0, 'Compruebo el destinatario y si es miembro de la UE, lo paro', 82),
(329, 0, 'Aviso al supervisor', 82),
(330, 0, 'Lo reflejo en el parte diario', 82),
(331, 1, 'Plomo', 83),
(332, 0, 'Chocolate', 83),
(333, 0, 'Polvo de Talco', 83),
(334, 0, 'Carbón ', 83),
(335, 1, 'Una Máquina de Rayos X', 84),
(336, 0, 'Una Máquina de ETD', 84),
(337, 0, 'Un Detector de Metales ', 84),
(338, 0, 'Un Detector de Humos', 84),
(339, 0, 'Orgánicas, Inorgánicas, y ionizantes', 85),
(340, 0, 'Orgánicas, Inorgánicas', 85),
(341, 0, 'Orgánicas, Inorgánicas, Metálicas, e ionizantes', 85),
(342, 1, 'Orgánicas, Inorgánicas, Metálicas y opacas', 85),
(343, 0, 'Comprobar diariamente el estado de máquina, al inicio del turno', 86),
(344, 0, 'Siempre debe estar el operador cuando esté la maquina en funcionamiento', 86),
(345, 1, 'En caso de parada se debe  mirar el interior de la maquina', 86),
(346, 0, 'Utilizar los mandos de la consola adecuadamente', 86),
(347, 0, 'Botella de Plástico', 87),
(348, 0, 'Chocolate ', 87),
(349, 1, 'Las llaves de un coche', 87),
(350, 0, 'Camisa ', 87),
(351, 0, 'Utilizar la función de mostrar material inorgánico', 88),
(352, 0, 'Utilizar la función de mostrar solo material orgánico', 88),
(353, 0, 'Inspección manual del objeto', 88),
(354, 1, 'Rote la bolsa para verla desde otro ángulo', 88),
(355, 0, 'Azul', 89),
(356, 0, 'Marrón', 89),
(357, 0, 'Rojo', 89),
(358, 1, 'Verde', 89),
(359, 0, 'Registro manual', 90),
(360, 0, 'equipos de rayos X', 90),
(361, 0, 'Equipos de ETD', 90),
(362, 1, 'Todas son correctas', 90),
(363, 0, 'Rayos X', 91),
(364, 1, 'Inspección Visual', 91),
(365, 0, 'Rayos X e inspección Visual', 91),
(366, 0, 'Ninguna de las respuestas es correcta', 91),
(367, 0, 'Rellenar un impreso a entregar en AESA', 92),
(368, 1, 'Designar un responsable de seguridad encargado de aplicar y supervisar la seguridad en la empresa', 92),
(369, 0, 'Crear un Departamento de Seguridad Aérea', 92),
(370, 0, 'Ninguna de las respuestas es correcta', 92),
(371, 0, 'Valija Diplomática', 93),
(372, 0, 'Material Nuclear de conformidad con la convención sobre protección física de los materiales nucleares', 93),
(373, 0, 'Muestras Biomédicas que puedan ser dañadas o alteren su forma', 93),
(374, 1, 'Armas debidamente documentadas', 93),
(375, 0, 'Compañías aéreas, agentes de Handling, Empresas de Seguridad, agencias de transportes', 94),
(376, 1, 'Compañías aéreas, agentes de Handling, agencias de transportes', 94),
(377, 0, 'Compañías aéreas', 94),
(378, 0, 'Empresas de Transportes, Compañías aéreas', 94),
(379, 1, 'Declaración de Seguridad', 95),
(380, 0, 'Certificación de seguridad de la compañía', 95),
(381, 0, 'Carta de navegación de la mercancía', 95),
(382, 0, 'Carta Aduanera de exención', 95);


CREATE TABLE IF NOT EXISTS `aprueba_teorico` (
  `Id_Examen_Teorico` int(11) NOT NULL,
  `DNI` varchar(8) NOT NULL,
  `Fecha` date NOT NULL,
  PRIMARY KEY (`DNI`,`Id_Examen_Teorico`,`Fecha`),
  KEY `DNI` (`DNI`),
  KEY `Id_Examen_Teorico` (`Id_Examen_Teorico`)
)ENGINE=InnoDB DEFAULT CHARSET=utf8;


INSERT INTO `aprueba_teorico` (`Id_Examen_Teorico`, `DNI`, `Fecha`) VALUES
(1, '12121212', '2016-08-16'),
(1, '12345678', '2016-08-20'),
(1, '14514512', '2016-08-09'),
(2, '14514512', '2016-08-19');


CREATE TABLE IF NOT EXISTS `aprueba_practico` (
  `Id_Examen_Practico` int(11) NOT NULL,
  `DNI` varchar(8) NOT NULL,
  `Fecha` date NOT NULL,
  PRIMARY KEY (`DNI`,`Id_Examen_Practico`,`Fecha`),
  KEY `DNI` (`DNI`),
  KEY `Id_Examen_Practico` (`Id_Examen_Practico`)
)ENGINE=InnoDB DEFAULT CHARSET=utf8;


INSERT INTO `aprueba_practico` (`Id_Examen_Practico`, `DNI`, `Fecha`) VALUES
(1, '14514512', '2016-08-21');


CREATE TABLE IF NOT EXISTS `tiene` (
  `Nivel` int(3) NOT NULL,
  `DNI` varchar(8) NOT NULL,
  PRIMARY KEY (`DNI`,`Nivel`),
  KEY `DNI` (`DNI`),
  KEY `Nivel` (`Nivel`)
)ENGINE=InnoDB DEFAULT CHARSET=utf8;


INSERT INTO `tiene` (`Nivel`, `DNI`) VALUES
(1, '12121212'),
(1, '12345678'),
(1, '14514512'),
(2, '14514512');


--
-- Filtros para la tabla `examen_practico`
--
ALTER TABLE `examen_practico`
  ADD CONSTRAINT `examen_practico_ibfk_1` FOREIGN KEY (`Nivel`) REFERENCES `certificacion` (`Nivel`) ON DELETE CASCADE;
  
--
-- Filtros para la tabla `examen_teorico`
--
ALTER TABLE `examen_teorico`
  ADD CONSTRAINT `examen_teorico_ibfk_1` FOREIGN KEY (`Nivel`) REFERENCES `certificacion` (`Nivel`) ON DELETE CASCADE;
  
--
-- Filtros para la tabla `imagen`
--
ALTER TABLE `imagen`
  ADD CONSTRAINT `imagen_ibfk_1` FOREIGN KEY (`Id_Examen`) REFERENCES `examen_practico` (`Id_Examen`) ON DELETE SET NULL,
  ADD CONSTRAINT `imagen_ibfk_2` FOREIGN KEY (`Id_Objeto`) REFERENCES `objeto_prohibido` (`Id_Objeto`) ON DELETE SET NULL;
  
--
-- Filtros para la tabla `modulo_teorico`
--
ALTER TABLE `modulo_teorico`
  ADD CONSTRAINT `modulo_teorico_ibfk_1` FOREIGN KEY (`Nivel`) REFERENCES `certificacion` (`Nivel`) ON DELETE CASCADE;
  
--
-- Filtros para la tabla `preguntas`
--
ALTER TABLE `pregunta`
  ADD CONSTRAINT `pregunta_ibfk_1` FOREIGN KEY (`Id_Examen`) REFERENCES `examen_teorico` (`Id_Examen`) ON DELETE SET NULL;
  
--
-- Filtros para la tabla `respuesta`
--
ALTER TABLE `respuesta`
  ADD CONSTRAINT `respuesta_ibfk_1` FOREIGN KEY (`Id_Pregunta`) REFERENCES `pregunta` (`Id_Pregunta`) ON DELETE CASCADE;
 
--
-- Filtros para la tabla `aprueba_teorico`
--
ALTER TABLE `aprueba_teorico`
  ADD CONSTRAINT `aprueba_teorico_ibfk_2` FOREIGN KEY (`DNI`) REFERENCES `usuario` (`DNI`) ON DELETE CASCADE,
  ADD CONSTRAINT `aprueba_teorico_ibfk_1` FOREIGN KEY (`Id_Examen_Teorico`) REFERENCES `examen_teorico` (`Id_Examen`) ON DELETE CASCADE;
  
ALTER TABLE `aprueba_practico`
  ADD CONSTRAINT `aprueba_practico_ibfk_2` FOREIGN KEY (`DNI`) REFERENCES `usuario` (`DNI`) ON DELETE CASCADE,
  ADD CONSTRAINT `aprueba_practico_ibfk_1` FOREIGN KEY (`Id_Examen_Practico`) REFERENCES `examen_practico` (`Id_Examen`) ON DELETE CASCADE;

  
--
-- Filtros para la tabla `tiene`
--
ALTER TABLE `tiene`
  ADD CONSTRAINT `tiene_ibfk_2` FOREIGN KEY (`DNI`) REFERENCES `usuario` (`DNI`) ON DELETE CASCADE,
  ADD CONSTRAINT `tiene_ibfk_1` FOREIGN KEY (`Nivel`) REFERENCES `certificacion` (`Nivel`) ON DELETE CASCADE;
  

ALTER TABLE `objeto_prohibido`
  ADD CONSTRAINT `objeto_prohibido_ibfk_1` FOREIGN KEY (`Id_Arma`) REFERENCES `tipo_arma` (`Id_Arma`) ON DELETE SET NULL;